0,0,0,0
0,0,0,0
5.78763e-06,1.07957e-05,5.78763e-06,5.78763e-06
2.56551e-05,4.78545e-05,2.56551e-05,2.56551e-05
6.7163e-05,0.000125279,6.71631e-05,6.71631e-05
0.000136894,0.000255348,0.000136894,0.000136894
0.000240231,0.000448103,0.000240232,0.000240232
0.000381173,0.000710999,0.000381174,0.000381174
0.000562173,0.00104862,0.000562175,0.000562176
0.000784029,0.00146244,0.000784032,0.000784035
0.0010458,0.00195073,0.00104581,0.00104581
0.00134479,0.00250842,0.0013448,0.0013448
0.00167652,0.00312719,0.00167653,0.00167653
0.00203481,0.0037955,0.00203481,0.00203482
0.00241184,0.00449878,0.00241185,0.00241185
0.00279832,0.00521969,0.00279832,0.00279833
0.00318361,0.00593841,0.00318361,0.00318361
0.00355596,0.00663301,0.00355595,0.00355593
0.00390273,0.0072799,0.00390269,0.00390265
0.00421061,0.00785431,0.00421054,0.00421048
0.00446598,0.00833082,0.00446586,0.00446576
0.00465513,0.00868387,0.00465495,0.00465479
0.00476462,0.0088884,0.00476435,0.00476413
0.00478157,0.0089204,0.00478119,0.00478087
0.00469398,0.00875749,0.00469346,0.00469302
0.00449102,0.0083795,0.00449033,0.00448975
0.00416337,0.00776904,0.00416247,0.00416172
0.00370346,0.00691199,0.00370232,0.00370137
0.00310574,0.00579801,0.00310433,0.00310314
0.00236691,0.00442092,0.00236518,0.00236372
0.00148609,0.00277912,0.00148401,0.00148227
0.000465032,0.000875818,0.000462581,0.000460521
-0.000691819,-0.0012807,-0.000694668,-0.000697063
-0.00197722,-0.00367695,-0.00198048,-0.00198323
-0.00338112,-0.00629422,-0.0033848,-0.0033879
-0.00489067,-0.00910859,-0.00489476,-0.00489819
-0.00649029,-0.0120911,-0.00649476,-0.00649852
-0.0081618,-0.0152078,-0.00816661,-0.00817065
-0.00988459,-0.0184204,-0.00988967,-0.00989395
-0.0116358,-0.0216863,-0.0116411,-0.0116455
-0.0133907,-0.0249594,-0.013396,-0.0134005
-0.0151227,-0.0281905,-0.015128,-0.0151324
-0.0168042,-0.0313277,-0.0168092,-0.0168134
-0.0184063,-0.0343176,-0.0184108,-0.0184147
-0.0198998,-0.0371058,-0.0199037,-0.0199069
-0.0212553,-0.0396374,-0.0212583,-0.0212608
-0.0224438,-0.0418586,-0.0224456,-0.022447
-0.0234371,-0.0437165,-0.0234373,-0.0234374
-0.024208,-0.0451609,-0.0242064,-0.024205
-0.0247314,-0.0461448,-0.0247276,-0.0247243
-0.0249841,-0.0466249,-0.0249777,-0.0249722
-0.0249456,-0.0465632,-0.0249362,-0.0249283
-0.0245983,-0.0459268,-0.0245857,-0.0245749
-0.0239283,-0.0446895,-0.0239119,-0.0238981
-0.022925,-0.0428319,-0.0229047,-0.0228875
-0.0215823,-0.0403421,-0.0215577,-0.0215368
-0.0198981,-0.0372163,-0.0198689,-0.0198442
-0.0178751,-0.0334591,-0.017841,-0.0178123
-0.0155203,-0.0290838,-0.0154813,-0.0154483
-0.0128458,-0.0241124,-0.0128018,-0.0127646
-0.00986842,-0.018576,-0.00981935,-0.00977786
-0.00660966,-0.0125145,-0.00655564,-0.00650996
-0.00309571,-0.00597639,-0.00303693,-0.00298723
0.000642731,0.000981573,0.000705967,0.000759449
0.00457076,0.00829462,0.00463802,0.00469492
0.0086495,0.0158907,0.00872025,0.00878007
0.0128365,0.023691,0.0129101,0.0129722
0.0170862,0.0316111,0.0171617,0.0172256
0.0213503,0.0395614,0.0214268,0.0214915
0.0255784,0.0474482,0.0256549,0.0257194
0.0297185,0.0551751,0.0297937,0.0298571
0.0337177,0.0626438,0.0337901,0.0338513
0.0375226,0.0697551,0.0375909,0.0376486
0.0410804,0.0764108,0.041143,0.0411958
0.0443391,0.0825144,0.0443944,0.0444409
0.0472485,0.0879723,0.0472947,0.0473336
0.0497609,0.0926958,0.0497962,0.0498259
0.0518315,0.0966013,0.0518542,0.0518731
0.0534192,0.0996123,0.0534275,0.0534341
0.0544875,0.10166,0.0544796,0.0544725
0.0550045,0.102686,0.0549787,0.0549564
0.0549439,0.10264,0.0548986,0.0548598
0.0542855,0.101484,0.0542193,0.0541627
0.0530153,0.0991908,0.0529269,0.0528514
0.0511261,0.0957472,0.0510143,0.0509191
0.0486177,0.0911518,0.0484817,0.0483659
0.0454972,0.0854167,0.0453364,0.0451996
0.041779,0.0785678,0.0415932,0.041435
0.037485,0.0706446,0.037274,0.0370946
0.0326442,0.0617004,0.0324086,0.0322082
0.027293,0.0518016,0.0270335,0.0268129
0.0214747,0.0410276,0.0211925,0.0209526
0.0152392,0.0294701,0.0149359,0.0146782
0.00864272,0.0172323,0.00832037,0.00804646
0.00174717,0.00442828,0.00140824,0.00112024
-0.00538041,-0.00881854,-0.00573302,-0.00603263
-0.0126684,-0.022376,-0.0130315,-0.0133398
-0.0200416,-0.036105,-0.0204113,-0.020725
-0.0274214,-0.0498607,-0.0277936,-0.0281093
-0.0347274,-0.063494,-0.0350976,-0.0354115
-0.0418777,-0.0768535,-0.0422411,-0.0425489
-0.04879,-0.0897866,-0.0491414,-0.0494389
-0.0553826,-0.102142,-0.0557166,-0.0559992
-0.0615752,-0.11377,-0.0618864,-0.0621493
-0.0672901,-0.124527,-0.0675728,-0.0678112
-0.0724529,-0.134274,-0.0727013,-0.0729104
-0.0769935,-0.14288,-0.0772019,-0.0773767
-0.0808469,-0.150223,-0.0810098,-0.0811456
-0.0839543,-0.156194,-0.0840662,-0.0841585
-0.0862637,-0.160694,-0.0863196,-0.0863638
-0.0877308,-0.16364,-0.0877258,-0.0877179
-0.0883194,-0.164962,-0.0882491,-0.0881855
-0.0880022,-0.164608,-0.0878628,-0.0877401
-0.0867611,-0.162543,-0.0865494,-0.086365
-0.0845881,-0.158748,-0.0843015,-0.0840532
-0.0814847,-0.153224,-0.0811215,-0.0808079
-0.0774632,-0.145991,-0.0770223,-0.0766426
-0.0725456,-0.137088,-0.0720271,-0.0715813
-0.0667645,-0.126571,-0.0661693,-0.0656583
-0.0601625,-0.114516,-0.0594926,-0.058918
-0.0527919,-0.101018,-0.0520502,-0.0514147
-0.0447147,-0.0861888,-0.0439052,-0.0432123
-0.0360015,-0.070156,-0.0351294,-0.0343834
-0.0267313,-0.0530635,-0.0258027,-0.0250091
-0.0169909,-0.0350691,-0.016013,-0.015178
-0.00687344,-0.0163435,-0.0058546,-0.00498529
0.00352166,0.00293142,0.00457221,0.00546785
0.0140903,0.0225648,0.0151624,0.0160755
0.0247243,0.042358,0.025807,0.0267282
0.0353132,0.0621072,0.0363945,0.0373137
0.0457445,0.0816053,0.046812,0.0477186
0.0559057,0.100644,0.0569464,0.0578292
0.0656848,0.119016,0.0666854,0.067533
0.0749722,0.136518,0.0759191,0.0767197
0.0836615,0.152952,0.0845409,0.0852828
0.0916507,0.168128,0.0924489,0.0931203
0.0988436,0.181865,0.0995472,0.100137
0.105151,0.193996,0.105747,0.106243
0.110491,0.204367,0.110967,0.11136
0.114792,0.21284,0.115136,0.115415
0.117991,0.219295,0.118192,0.118348
0.120035,0.223632,0.120083,0.120108
0.120885,0.22577,0.120772,0.120659
0.120511,0.225651,0.12023,0.119973
0.118897,0.22324,0.118444,0.118037
0.116041,0.218525,0.11541,0.114853
0.111952,0.211518,0.111143,0.110432
0.106653,0.202255,0.105665,0.104802
0.100181,0.190796,0.0990164,0.0980029
0.0925837,0.177227,0.0912472,0.0900872
0.0839236,0.161654,0.0824217,0.0811209
0.0742743,0.144207,0.0726156,0.0711818
0.063721,0.125039,0.0619164,0.0603591
0.0523598,0.10432,0.0504224,0.048753
0.0402964,0.0822401,0.0382414,0.0364732
0.0276457,0.0590071,0.0254901,0.023638
0.01453,0.0348425,0.0122929,0.0103735
0.00107843,0.00998083,-0.00121929,-0.00318812
-0.0125747,-0.015333,-0.0149107,-0.0169094
-0.0262911,-0.0408462,-0.0286416,-0.0306496
-0.03993,-0.0663003,-0.04227,-0.0442659
-0.0533495,-0.0914343,-0.0556532,-0.0576144
-0.0664083,-0.115987,-0.0686491,-0.0705528
-0.0789668,-0.1397,-0.0811178,-0.0829405
-0.090889,-0.16232,-0.0929229,-0.0946417
-0.102044,-0.183601,-0.103934,-0.105525
-0.112306,-0.203311,-0.114026,-0.115468
-0.12156,-0.221227,-0.123083,-0.124354
-0.129695,-0.237146,-0.130999,-0.132077
-0.136616,-0.250879,-0.137677,-0.138543
-0.142236,-0.26226,-0.143032,-0.143669
-0.146481,-0.271144,-0.146994,-0.147384
-0.149291,-0.277412,-0.149503,-0.149634
-0.150619,-0.280968,-0.150518,-0.150378
-0.150435,-0.281744,-0.150009,-0.149588
-0.148722,-0.2797,-0.147963,-0.147256
-0.14548,-0.274823,-0.144385,-0.143388
-0.140726,-0.267132,-0.139293,-0.138005
-0.13449,-0.256672,-0.132721,-0.131147
-0.12682,-0.243518,-0.124722,-0.122867
-0.117778,-0.227773,-0.115362,-0.113235
-0.107441,-0.20957,-0.104722,-0.102336
-0.0959019,-0.189065,-0.0928963,-0.0902682
-0.0832651,-0.166442,-0.0799953,-0.0771442
-0.0696481,-0.141906,-0.0661398,-0.0630882
-0.0551801,-0.115687,-0.0514621,-0.0482356
-0.0399998,-0.0880316,-0.0361043,-0.0327313
-0.0242553,-0.0592047,-0.0202174,-0.0167289
-0.00810151,-0.0294865,-0.00395946,-0.000388642
0.00830055,0.000832259,0.0125065,0.0161244
0.0247858,0.0314512,0.0290133,0.0326412
0.0411868,0.0620633,0.0453915,0.0489912
0.057335,0.09236,0.0614719,0.0650038
0.0730633,0.122032,0.0770863,0.0805108
0.0882069,0.150774,0.0920697,0.0953469
0.102606,0.178287,0.106262,0.109352
0.116106,0.204282,0.119511,0.122375
0.12856,0.228482,0.13167,0.134271
0.139834,0.250627,0.142606,0.144907
0.149799,0.270475,0.152194,0.154161
0.158343,0.287803,0.160324,0.161926
0.165365,0.302417,0.166899,0.168108
0.170782,0.314142,0.171837,0.172628
0.174521,0.322838,0.175074,0.175425
0.176532,0.328388,0.17656,0.176455
0.176779,0.33071,0.176266,0.175691
0.175242,0.329752,0.174179,0.173127
0.171924,0.325497,0.170304,0.168772
0.166841,0.317959,0.164667,0.162656
0.160032,0.307186,0.157309,0.154826
0.151551,0.29326,0.148292,0.14535
0.141471,0.276294,0.137695,0.134311
0.12988,0.256435,0.125612,0.12181
0.116884,0.233859,0.112154,0.107962
0.102604,0.20877,0.0974497,0.0929003
0.0871745,0.181401,0.0816378,0.0767691
0.0707438,0.152008,0.0648717,0.059726
0.0534705,0.12087,0.0473151,0.0419389
0.0355235,0.0882865,0.0291416,0.0235849
0.0170798,0.0545729,0.0105317,0.00484809
-0.00167706,0.0200588,-0.00832741,-0.0140818
-0.0205592,-0.0149159,-0.0272453,-0.0330119
-0.0393759,-0.050004,-0.0460289,-0.0517476
-0.0579358,-0.0848549,-0.0644856,-0.0700951
-0.0760487,-0.119118,-0.0824243,-0.0878631
-0.0935278,-0.152445,-0.0996585,-0.104865
-0.110191,-0.184496,-0.116007,-0.12092
-0.125864,-0.214941,-0.131296,-0.135858
-0.14038,-0.243464,-0.145363,-0.149516
-0.153585,-0.269767,-0.158055,-0.161746
-0.165335,-0.29357,-0.169233,-0.172411
-0.175502,-0.314619,-0.178773,-0.181393
-0.183971,-0.332684,-0.186566,-0.188586
-0.190645,-0.347564,-0.192521,-0.193905
-0.195445,-0.35909,-0.196565,-0.197283
-0.198309,-0.367124,-0.198644,-0.198672
-0.199197,-0.371563,-0.198723,-0.198044
-0.198085,-0.37234,-0.196789,-0.195394
-0.194973,-0.369423,-0.192849,-0.190734
-0.189879,-0.362819,-0.186929,-0.1841
-0.182841,-0.352568,-0.179078,-0.175547
-0.17392,-0.338753,-0.169363,-0.165151
-0.163193,-0.321487,-0.157871,-0.153006
-0.150758,-0.300923,-0.14471,-0.139226
-0.13673,-0.277245,-0.130001,-0.123942
-0.121242,-0.250671,-0.113886,-0.107302
-0.10444,-0.22145,-0.0965197,-0.0894684
-0.0864883,-0.189857,-0.0780725,-0.0706159
-0.06756,-0.156193,-0.0587253,-0.0509317
-0.0478413,-0.120783,-0.0386696,-0.0306127
-0.0275269,-0.083968,-0.0181056,-0.00986317
-0.00681852,-0.046109,0.00276026,0.0111065
0.0140767,-0.00757618,0.0237178,0.0320832
0.0349488,0.0312493,0.0445539,0.0528523
0.0555867,0.069982,0.065056,0.0731995
0.0757807,0.108236,0.0850139,0.0929146
0.0953244,0.145627,0.104221,0.111792
0.114017,0.181778,0.122479,0.129634
0.131665,0.216322,0.139596,0.146253
0.148084,0.248907,0.155392,0.161471
0.163103,0.279197,0.169699,0.175126
0.176562,0.30688,0.182365,0.187069
0.188317,0.331665,0.193251,0.19717
0.198242,0.353291,0.202238,0.205314
0.206225,0.371528,0.209226,0.21141
0.212178,0.386176,0.214131,0.215384
0.216029,0.397071,0.216895,0.217185
0.21773,0.404088,0.217478,0.216783
0.217252,0.407135,0.215864,0.214171
0.214589,0.406165,0.212058,0.209366
0.209759,0.401167,0.206089,0.202406
0.202799,0.392172,0.198005,0.19335
0.193768,0.37925,0.18788,0.182283
0.18275,0.362512,0.175806,0.169307
0.169844,0.342105,0.161898,0.154546
0.155173,0.318216,0.146287,0.138143
0.138876,0.291067,0.129124,0.120257
0.12111,0.260911,0.110576,0.101065
0.102047,0.228036,0.090826,0.0807568
0.0818744,0.192757,0.0700685,0.0595345
0.0607897,0.155412,0.0485094,0.0376114
0.0390014,0.116364,0.0263643,0.015208
0.016726,0.075993,0.00385546,-0.00744856
-0.00581412,0.0346954,-0.0187903,-0.0301283
-0.0283931,-0.00712361,-0.0413441,-0.0525991
-0.0507837,-0.0490501,-0.0635763,-0.0746306
-0.0727595,-0.090669,-0.08526,-0.0959964
-0.0940975,-0.131565,-0.106173,-0.116475
-0.11458,-0.17133,-0.126099,-0.135854
-0.133998,-0.209563,-0.144834,-0.15393
-0.15215,-0.24588,-0.162181,-0.170514
-0.168849,-0.279912,-0.177959,-0.18543
-0.183922,-0.311312,-0.192002,-0.198519
-0.19721,-0.339758,-0.20416,-0.20964
-0.208571,-0.364957,-0.214303,-0.218672
-0.217885,-0.386645,-0.222319,-0.225514
-0.225049,-0.404594,-0.22812,-0.230089
-0.229984,-0.418611,-0.231638,-0.232339
-0.23263,-0.428543,-0.232828,-0.232235
-0.232953,-0.434275,-0.23167,-0.229766
-0.23094,-0.435736,-0.228166,-0.224951
-0.226604,-0.432894,-0.222344,-0.217829
-0.21998,-0.425763,-0.214253,-0.208465
-0.211124,-0.414396,-0.203967,-0.196945
-0.20012,-0.398893,-0.191584,-0.18338
-0.187069,-0.379391,-0.17722,-0.1679
-0.172095,-0.356071,-0.161014,-0.150657
-0.155343,-0.329148,-0.143124,-0.13182
-0.136974,-0.298879,-0.123726,-0.111576
-0.117168,-0.265551,-0.103009,-0.0901262
-0.0961194,-0.229484,-0.0811808,-0.0676857
-0.0740347,-0.191027,-0.0584576,-0.0444799
-0.051133,-0.150552,-0.0350669,-0.0207427
-0.0276416,-0.108454,-0.0112434,0.00328531
-0.00379492,-0.0651436,0.0127731,0.02736
0.0201686,-0.0210476,0.0367399,0.0512359
0.0440085,0.0234008,0.0604145,0.0746693
0.0674846,0.0677624,0.0835558,0.0974193
0.0903599,0.111597,0.105928,0.119252
0.112402,0.154469,0.127301,0.139941
0.133388,0.195951,0.147456,0.159273
0.153102,0.235627,0.166185,0.177045
0.171343,0.2731,0.183295,0.193074
0.187923,0.307991,0.198606,0.207187
0.202671,0.339946,0.211959,0.219238
0.215432,0.368641,0.223211,0.229095
0.226073,0.393783,0.232243,0.236652
0.23448,0.41511,0.238957,0.241825
0.240562,0.432401,0.243278,0.244555
0.244252,0.445474,0.245155,0.244805
0.245504,0.454185,0.244562,0.242568
0.244301,0.458437,0.241497,0.237857
0.240646,0.458176,0.235986,0.230715
0.23457,0.45339,0.228076,0.221206
0.226126,0.444114,0.217842,0.209421
0.215393,0.430428,0.205379,0.195474
0.202473,0.412455,0.190809,0.179502
0.187489,0.390361,0.174272,0.16166
0.170586,0.364354,0.155931,0.142126
0.151928,0.33468,0.135967,0.121095
0.131698,0.301623,0.114576,0.0987768
0.110096,0.265501,0.0919723,0.0753951
0.0873339,0.226664,0.0683807,0.0511854
0.0636377,0.185488,0.0440374,0.0263924
0.0392429,0.142377,0.0191867,0.00126702
0.0143925,0.0977497,-0.0059213,-0.0239356
-0.0106652,0.0520447,-0.0310333,-0.048959
-0.0356792,0.005711,-0.0558954,-0.0735486
-0.0603984,-0.0407948,-0.0802555,-0.0974521
-0.0845738,-0.0870133,-0.103866,-0.120424
-0.107962,-0.132487,-0.126486,-0.142229
-0.130325,-0.176763,-0.147885,-0.16264
-0.151437,-0.219403,-0.167842,-0.181449
-0.171084,-0.25998,-0.186154,-0.198457
-0.189063,-0.298087,-0.202631,-0.21349
-0.205192,-0.333344,-0.217102,-0.226387
-0.219303,-0.365393,-0.229415,-0.237014
-0.231251,-0.393912,-0.239442,-0.245257
-0.240911,-0.41861,-0.247076,-0.251026
-0.248181,-0.439234,-0.252234,-0.254258
-0.252981,-0.455571,-0.254859,-0.254912
-0.25526,-0.46745,-0.254918,-0.252978
-0.254987,-0.474743,-0.252405,-0.248468
-0.252161,-0.47737,-0.247339,-0.241424
-0.246804,-0.475292,-0.239767,-0.231911
-0.238964,-0.468522,-0.22976,-0.22002
-0.228715,-0.457115,-0.217412,-0.205869
-0.216154,-0.441174,-0.202845,-0.189595
-0.201402,-0.420848,-0.186201,-0.171361
-0.184603,-0.396328,-0.167643,-0.151347
-0.165921,-0.367848,-0.147356,-0.129754
-0.14554,-0.33568,-0.12554,-0.106798
-0.12366,-0.300136,-0.102413,-0.0827101
-0.100497,-0.261559,-0.0782062,-0.057733
-0.0762825,-0.220325,-0.0531618,-0.0321193
-0.0512558,-0.176836,-0.0275312,-0.00612814
-0.0256665,-0.131517,-0.00157224,0.0199766
0.000229807,-0.084812,0.0244534,0.0459294
0.0261741,-0.0371797,0.0502829,0.0714661
0.0519064,0.010911,0.0756549,0.0963259
0.0771682,0.0589859,0.100312,0.120255
0.101705,0.10657,0.124005,0.143007
0.125271,0.153193,0.14649,0.164349
0.147626,0.198391,0.167541,0.184062
0.168545,0.241717,0.18694,0.201941
0.187815,0.282738,0.204489,0.217802
0.205241,0.321046,0.220007,0.231479
0.220644,0.356256,0.233335,0.242829
0.233866,0.388017,0.244333,0.251733
0.24477,0.416007,0.252886,0.258096
0.253245,0.439944,0.258904,0.261848
0.259199,0.459585,0.262322,0.262947
0.26257,0.474728,0.263101,0.261378
0.263319,0.485216,0.261227,0.257151
0.261433,0.490938,0.256716,0.250305
0.256929,0.491828,0.249609,0.240906
0.249845,0.487871,0.239973,0.229044
0.24025,0.479096,0.227901,0.214837
0.228235,0.465582,0.213512,0.198425
0.213916,0.447456,0.196946,0.17997
0.197433,0.424888,0.178367,0.159659
0.178949,0.398095,0.15796,0.137693
0.158644,0.367334,0.135928,0.114294
0.13672,0.332903,0.112491,0.089698
0.113394,0.295136,0.0878833,0.0641525
0.0888966,0.2544,0.062351,0.0379159
0.0634723,0.211093,0.0361509,0.0112541
0.0373741,0.165639,0.00954642,-0.0155627
0.0108626,0.118484,-0.0171945,-0.042262
-0.0157974,0.0700892,-0.0438012,-0.0685712
-0.0423389,0.0209318,-0.0700059,-0.0942233
-0.0684959,-0.0285044,-0.0955434,-0.118956
-0.0940059,-0.0777318,-0.120155,-0.142518
-0.118612,-0.126266,-0.143591,-0.164667
-0.142067,-0.173625,-0.165614,-0.185176
-0.164134,-0.21934,-0.185998,-0.203834
-0.18459,-0.262957,-0.204536,-0.220449
-0.203228,-0.304043,-0.221038,-0.234849
-0.219859,-0.342188,-0.235335,-0.246885
-0.234313,-0.377013,-0.24728,-0.256431
-0.246443,-0.408168,-0.256749,-0.263387
-0.256124,-0.435341,-0.263642,-0.267679
-0.263255,-0.45826,-0.267887,-0.269259
-0.267762,-0.476691,-0.269438,-0.268108
-0.269597,-0.490447,-0.268275,-0.264233
-0.268737,-0.499387,-0.264406,-0.257672
-0.265188,-0.503416,-0.257867,-0.248487
-0.258981,-0.502486,-0.248722,-0.236767
-0.250175,-0.496602,-0.237058,-0.222629
-0.238856,-0.485814,-0.222989,-0.206214
-0.225133,-0.470224,-0.206656,-0.187684
-0.209141,-0.449978,-0.18822,-0.167227
-0.191037,-0.425272,-0.167865,-0.145047
-0.171,-0.396343,-0.145792,-0.121369
-0.149229,-0.363472,-0.122224,-0.0964296
-0.125938,-0.326977,-0.0973949,-0.0704819
-0.101359,-0.287214,-0.071555,-0.0437878
-0.075738,-0.244573,-0.0449634,-0.0166177
-0.049329,-0.199471,-0.0178874,0.0107531
-0.0223957,-0.15235,0.00940042,0.0380466
0.00479277,-0.103672,0.0366251,0.0649856
0.0319645,-0.0539168,0.0635109,0.0912961
0.0588474,-0.00357328,0.0897874,0.116709
0.085172,0.0468623,0.115189,0.140966
0.110674,0.0968923,0.139458,0.16382
0.135098,0.146025,0.162349,0.185037
0.158197,0.193771,0.183629,0.2044
0.179739,0.23966,0.203083,0.22171
0.199507,0.283236,0.220511,0.236789
0.217301,0.324066,0.235736,0.249482
0.23294,0.361745,0.248602,0.259656
0.246266,0.395898,0.258977,0.267207
0.257143,0.426184,0.266754,0.272054
0.26546,0.452302,0.271851,0.274146
0.27113,0.473987,0.274215,0.273459
0.274095,0.491022,0.273818,0.269997
0.274321,0.503233,0.270662,0.263793
0.271804,0.510496,0.264777,0.254905
0.266567,0.512733,0.256218,0.243423
0.258658,0.509918,0.24507,0.22946
0.248155,0.502074,0.231442,0.213156
0.23516,0.489272,0.215469,0.194674
0.219801,0.471635,0.197311,0.1742
0.202229,0.449331,0.177147,0.151938
0.182618,0.422576,0.15518,0.128115
0.161163,0.391631,0.131629,0.102969
0.138076,0.356796,0.106731,0.0767565
0.113587,0.318411,0.0807353,0.0497413
0.0879392,0.276853,0.0539024,0.0221967
0.0613891,0.232525,0.0265022,-0.00559793
0.0342012,0.185866,-0.00118958,-0.0333608
0.00664708,0.137332,-0.0288941,-0.0608101
-0.0209979,0.0874018,-0.0563322,-0.087667
-0.0484572,0.036566,-0.0832269,-0.113658
-0.0754559,-0.0146746,-0.109307,-0.138518
-0.101723,-0.0658148,-0.134308,-0.161995
-0.126996,-0.116352,-0.157978,-0.183849
-0.15102,-0.165785,-0.180077,-0.203857
-0.173555,-0.213625,-0.200381,-0.221815
-0.194373,-0.259399,-0.218683,-0.237538
-0.213264,-0.302653,-0.234798,-0.250865
-0.230039,-0.342959,-0.248562,-0.261658
-0.244527,-0.379918,-0.259833,-0.269807
-0.256582,-0.413161,-0.268497,-0.275227
-0.266081,-0.442358,-0.274464,-0.27786
-0.272927,-0.467217,-0.277672,-0.277678
-0.277049,-0.487489,-0.278086,-0.274679
-0.278405,-0.502971,-0.2757,-0.268893
-0.276978,-0.513506,-0.270536,-0.260377
-0.27278,-0.518986,-0.262643,-0.249214
-0.265852,-0.519354,-0.2521,-0.235515
-0.256261,-0.514602,-0.23901,-0.219418
-0.2441,-0.504772,-0.223504,-0.201085
-0.229489,-0.489959,-0.205736,-0.180699
-0.212574,-0.470304,-0.185883,-0.158467
-0.19352,-0.445998,-0.164144,-0.134612
-0.172518,-0.417275,-0.140737,-0.109375
-0.149776,-0.384418,-0.115895,-0.0830114
-0.125521,-0.347747,-0.0898695,-0.0557872
-0.0999931,-0.307622,-0.0629202,-0.0279783
-0.0734479,-0.264435,-0.0353195,0.000133781
-0.0461498,-0.218612,-0.00734414,0.0282629
-0.0183716,-0.170601,0.0207244,0.056125
0.00960924,-0.120873,0.0486035,0.0834371
0.037513,-0.0699202,0.0760122,0.109922
0.0650604,-0.0182436,0.102674,0.13531
0.0919757,0.0336474,0.12832,0.159344
0.117989,0.0852408,0.152691,0.181777
0.14284,0.136027,0.17554,0.202383
0.166279,0.185508,0.196637,0.220951
0.188071,0.233191,0.215768,0.237291
0.207997,0.278605,0.232739,0.251236
0.225855,0.3213,0.247377,0.262644
0.241467,0.360854,0.259534,0.271397
0.254675,0.396875,0.269086,0.277405
0.265345,0.429005,0.275935,0.280604
0.273369,0.456925,0.280011,0.280963
0.278664,0.480356,0.28127,0.278473
0.281177,0.499064,0.279699,0.27316
0.280881,0.512862,0.275311,0.265076
0.277777,0.52161,0.26815,0.254301
0.271893,0.525221,0.258285,0.240943
0.263289,0.523654,0.245815,0.225135
0.252047,0.516922,0.230863,0.207037
0.23828,0.505089,0.213579,0.18683
0.222122,0.488267,0.194136,0.164719
0.203735,0.466622,0.172727,0.140927
0.183301,0.440362,0.149568,0.115694
0.161023,0.409744,0.124891,0.0892744
0.137124,0.375068,0.0989432,0.0619359
0.111841,0.336675,0.0719854,0.0339548
0.0854256,0.294941,0.0442886,0.00561576
0.0581427,0.250276,0.0161323,-0.0227954
0.030264,0.203117,-0.0122014,-0.0509906
0.00206814,0.153929,-0.0404271,-0.0786841
-0.0261631,0.103199,-0.0682607,-0.105595
-0.0541474,0.0514237,-0.0954217,-0.13145
-0.0816047,-0.000884935,-0.121636,-0.155985
-0.10826,-0.0532114,-0.14664,-0.178953
-0.133847,-0.105041,-0.170181,-0.200119
-0.158109,-0.155861,-0.19202,-0.219268
-0.180802,-0.205169,-0.211938,-0.236206
-0.201699,-0.252478,-0.229733,-0.250759
-0.22059,-0.297319,-0.245224,-0.262779
-0.237286,-0.339251,-0.258255,-0.272142
-0.251617,-0.377857,-0.268693,-0.278754
-0.26344,-0.412754,-0.276432,-0.282544
-0.272636,-0.443597,-0.281394,-0.283475
-0.27911,-0.470078,-0.283526,-0.281535
-0.282798,-0.491935,-0.282806,-0.276742
-0.283661,-0.50895,-0.27924,-0.269144
-0.281688,-0.520953,-0.272862,-0.258817
-0.276899,-0.527822,-0.263736,-0.245863
-0.26934,-0.529488,-0.251952,-0.230414
-0.259086,-0.525932,-0.237628,-0.212625
-0.246237,-0.517186,-0.220907,-0.192674
-0.230922,-0.503334,-0.201956,-0.170764
-0.213292,-0.484511,-0.180964,-0.147114
-0.193522,-0.4609,-0.158143,-0.121965
-0.17181,-0.432733,-0.13372,-0.09557
-0.148371,-0.400285,-0.107942,-0.0681965
-0.123439,-0.363873,-0.0810673,-0.0401209
-0.0972631,-0.323856,-0.0533666,-0.0116274
-0.0701043,-0.280628,-0.0251175,0.0169956
-0.0422337,-0.234614,0.0033957,0.0454581
-0.0139297,-0.186267,0.0318863,0.0734708
0.0145248,-0.136062,0.0600676,0.100751
0.0428456,-0.0844938,0.0876557,0.127021
0.0707492,-0.0320713,0.114373,0.152016
0.0979566,0.0206882,0.13995,0.175482
0.124195,0.073264,0.164129,0.197178
0.149203,0.125137,0.186665,0.216887
0.172729,0.175798,0.207332,0.234407
0.194537,0.224742,0.225921,0.249561
0.21441,0.271488,0.242244,0.262193
0.232146,0.315573,0.256136,0.272176
0.247569,0.35656,0.267457,0.279406
0.260523,0.394044,0.276092,0.28381
0.270878,0.427656,0.281952,0.285343
0.278529,0.457059,0.284978,0.283987
0.2834,0.481963,0.285139,0.279756
0.285439,0.502121,0.282431,0.272692
0.284627,0.517331,0.276881,0.262865
0.280969,0.527442,0.268545,0.250373
0.274502,0.532352,0.257504,0.235342
0.265289,0.53201,0.24387,0.217924
0.253422,0.526419,0.227777,0.198295
0.239017,0.515631,0.209389,0.176652
0.222219,0.499751,0.188888,0.153214
0.203195,0.478934,0.16648,0.128217
0.182134,0.453384,0.142391,0.101914
0.159245,0.423351,0.116862,0.0745713
0.134758,0.389131,0.0901501,0.0464659
0.108916,0.35106,0.0625227,0.0178812
0.081977,0.309511,0.0342578,-0.0108935
0.0542105,0.264894,0.0056395,-0.0395669
0.0258936,0.217649,-0.0230444,-0.0678489
-0.00269089,0.168242,-0.0515054,-0.0954517
-0.0312572,0.117159,-0.0794571,-0.122097
-0.0595197,0.0649029,-0.106618,-0.147515
-0.0871959,0.0119901,-0.132715,-0.171447
-0.114009,-0.0410567,-0.157484,-0.193652
-0.13969,-0.093714,-0.180676,-0.213902
-0.163983,-0.145462,-0.202059,-0.231994
-0.186644,-0.195789,-0.221415,-0.247744
-0.207447,-0.2442,-0.238551,-0.260991
-0.226182,-0.290215,-0.253292,-0.271601
-0.242662,-0.333378,-0.26549,-0.279465
-0.256721,-0.373263,-0.275022,-0.284504
-0.268219,-0.409475,-0.28179,-0.286665
-0.277039,-0.441656,-0.285727,-0.285926
-0.283093,-0.469486,-0.286791,-0.282294
-0.286319,-0.49269,-0.284972,-0.275804
-0.286685,-0.511037,-0.280287,-0.266522
-0.284186,-0.524344,-0.272782,-0.254542
-0.278846,-0.53248,-0.262532,-0.239982
-0.270718,-0.535361,-0.249639,-0.222991
-0.259882,-0.532958,-0.234233,-0.20374
-0.246446,-0.525293,-0.216468,-0.182423
-0.230544,-0.512441,-0.196521,-0.159255
-0.212334,-0.494527,-0.174594,-0.13447
-0.191997,-0.471726,-0.150906,-0.108318
-0.169737,-0.444263,-0.125695,-0.081064
-0.145775,-0.412407,-0.0992134,-0.0529832
-0.12035,-0.376471,-0.0717281,-0.0243606
-0.093716,-0.336811,-0.0435149,0.0045154
-0.0661392,-0.293814,-0.0148574,0.0333526
-0.0378948,-0.247906,0.0139563,0.0618594
-0.00926511,-0.199539,0.0426365,0.0897471
0.0194639,-0.149192,0.0708947,0.116732
0.0480051,-0.0973593,0.0984456,0.142543
0.0760731,-0.0445517,0.125013,0.166918
0.103387,0.00870774,0.15033,0.189611
0.129674,0.0618933,0.174141,0.21039
0.154672,0.11448,0.196207,0.229045
0.178129,0.165948,0.216305,0.245388
0.199811,0.21579,0.234232,0.259253
0.219501,0.263513,0.249809,0.270499
0.237002,0.308644,0.262878,0.279011
0.252138,0.350737,0.273307,0.284703
0.264757,0.389376,0.280989,0.287517
0.274734,0.424179,0.285849,0.287423
0.281967,0.454801,0.287836,0.284423
0.286384,0.480939,0.28693,0.278546
0.28794,0.502333,0.28314,0.26985
0.286618,0.518771,0.276502,0.258425
0.282432,0.530089,0.267083,0.244383
0.275423,0.536175,0.254978,0.227868
0.26566,0.536968,0.240307,0.209045
0.253241,0.532458,0.223217,0.188104
0.238288,0.522689,0.20388,0.165257
0.220951,0.507756,0.18249,0.140734
0.201403,0.487805,0.159261,0.114784
0.179838,0.463032,0.134427,0.0876698
0.156473,0.433682,0.108238,0.0596642
0.131539,0.400043,0.080957,0.0310502
0.105286,0.362448,0.052857,0.00211683
0.0779759,0.321265,0.0242206,-0.0268432
0.0498817,0.276903,-0.00466447,-0.0555372
0.021284,0.229797,-0.0335079,-0.0836748
-0.00753148,0.18041,-0.0620197,-0.110972
-0.0362769,0.129232,-0.0899133,-0.137151
-0.0646648,0.0767681,-0.116908,-0.161949
-0.0924115,0.023537,-0.142732,-0.185111
-0.11924,-0.0299358,-0.167127,-0.206407
-0.144881,-0.0831221,-0.189845,-0.225619
-0.169078,-0.135496,-0.21066,-0.242554
-0.191591,-0.186541,-0.229361,-0.25704
-0.212192,-0.235752,-0.245759,-0.26893
-0.230677,-0.282642,-0.25969,-0.278103
-0.246859,-0.326749,-0.271014,-0.284467
-0.260577,-0.367638,-0.279615,-0.287955
-0.271693,-0.404902,-0.285407,-0.288534
-0.280097,-0.438171,-0.288332,-0.286195
-0.285702,-0.467118,-0.288359,-0.280964
-0.288454,-0.491454,-0.285488,-0.272892
-0.288323,-0.510939,-0.279748,-0.26206
-0.285312,-0.52538,-0.271196,-0.248579
-0.279448,-0.534633,-0.259918,-0.232582
-0.270792,-0.538605,-0.246025,-0.214232
-0.259428,-0.537258,-0.229658,-0.193715
-0.24547,-0.530603,-0.210981,-0.171236
-0.229057,-0.518703,-0.190181,-0.147023
-0.210353,-0.501678,-0.167466,-0.121321
-0.189544,-0.479693,-0.143066,-0.0943903
-0.166838,-0.452965,-0.117224,-0.0665022
-0.142461,-0.421758,-0.0902003,-0.037938
-0.116658,-0.386379,-0.0622665,-0.00898638
-0.0896849,-0.347178,-0.033703,0.0200601
-0.0618121,-0.304542,-0.00479678,0.048908
-0.0333177,-0.25889,0.0241616,0.0772656
-0.0044865,-0.210674,0.0528812,0.104846
0.0243935,-0.160367,0.0810732,0.131371
0.0530336,-0.108467,0.108454,0.156572
0.0811476,-0.0554893,0.134747,0.180194
0.108454,-0.00195592,0.15969,0.201997
0.134681,0.0516038,0.183031,0.221761
0.159565,0.104661,0.204537,0.239287
0.182859,0.15669,0.22399,0.254398
0.204327,0.207178,0.241195,0.26694
0.223757,0.255625,0.255979,0.276787
0.240953,0.301552,0.268193,0.283838
0.255744,0.344504,0.277713,0.288022
0.267981,0.384061,0.284445,0.289297
0.277542,0.419827,0.288319,0.287649
0.284331,0.451448,0.289297,0.283094
0.288279,0.478612,0.287369,0.275678
0.289347,0.501048,0.282553,0.265477
0.287524,0.518535,0.274897,0.252593
0.282827,0.530899,0.264479,0.237155
0.275304,0.538018,0.251402,0.21932
0.265029,0.539821,0.235797,0.199267
0.252105,0.536288,0.217822,0.177199
0.23666,0.527455,0.197656,0.153337
0.218849,0.513407,0.175504,0.127925
0.198848,0.494283,0.151586,0.101217
0.176859,0.470271,0.126143,0.0734833
0.1531,0.441607,0.0994292,0.0450066
0.127808,0.408576,0.0717141,0.0160722
0.101237,0.371502,0.0432756,-0.0130276
0.0736508,0.330752,0.0143994,-0.0419989
0.0453261,0.286729,-0.0146246,-0.0705491
0.0165455,0.239867,-0.0435047,-0.0983897
-0.0124034,0.190629,-0.0719507,-0.125239
-0.0412313,0.139502,-0.0996769,-0.150827
-0.0696502,0.086986,-0.126405,-0.174893
-0.097376,0.0336053,-0.151865,-0.197196
-0.124132,-0.0201131,-0.175803,-0.217509
-0.149649,-0.0736379,-0.197977,-0.235625
-0.173675,-0.12644,-0.218164,-0.251364
-0.195967,-0.177997,-0.236162,-0.264566
-0.216303,-0.2278,-0.251788,-0.275097
-0.234479,-0.275355,-0.264888,-0.282851
-0.250315,-0.320193,-0.275327,-0.287749
-0.26365,-0.36187,-0.283001,-0.289741
-0.274353,-0.399973,-0.287834,-0.288808
-0.282315,-0.434128,-0.289775,-0.284957
-0.287457,-0.463994,-0.288806,-0.278229
-0.289727,-0.489275,-0.284936,-0.26869
-0.289102,-0.50972,-0.278204,-0.256438
-0.285588,-0.525128,-0.268677,-0.241595
-0.27922,-0.535345,-0.256451,-0.224311
-0.270062,-0.540269,-0.241648,-0.204761
-0.258205,-0.539852,-0.224416,-0.183141
-0.243766,-0.534098,-0.204929,-0.159671
-0.226891,-0.523062,-0.183382,-0.134586
-0.207747,-0.506853,-0.159991,-0.10814
-0.186525,-0.48563,-0.134991,-0.0805996
-0.163438,-0.459603,-0.108633,-0.0522432
-0.138716,-0.429029,-0.081182,-0.023357
-0.112605,-0.394209,-0.0529133,0.0057653
-0.0853679,-0.355489,-0.0241108,0.0348317
-0.0572752,-0.31325,0.00493618,0.0635489
-0.0286079,-0.26791,0.0339359,0.0916267
0.000347464,-0.219917,0.0625971,0.118782
0.0293017,-0.169746,0.0906318,0.14474
0.0579654,-0.117892,0.117758,0.169238
0.0860521,-0.064868,0.143702,0.19203
0.113281,-0.0111947,0.168205,0.212885
0.13938,0.0425934,0.191021,0.231592
0.164089,0.0959643,0.21192,0.247963
0.187159,0.14839,0.230692,0.26183
0.208362,0.199352,0.247149,0.273056
0.227484,0.248346,0.261125,0.281526
0.244334,0.294888,0.27248,0.287154
0.258744,0.338516,0.2811,0.289885
0.27057,0.3788,0.286897,0.289689
0.279693,0.415339,0.289813,0.286569
0.286022,0.447774,0.28982,0.280557
0.289493,0.475782,0.286915,0.271711
0.290072,0.499089,0.28113,0.260123
0.287753,0.51746,0.27252,0.245908
0.282558,0.530713,0.261173,0.229211
0.27454,0.538718,0.247203,0.210199
0.263778,0.541395,0.23075,0.189065
0.250379,0.538716,0.211978,0.166021
0.234478,0.530709,0.191076,0.1413
0.216233,0.517451,0.168253,0.115151
0.195826,0.499074,0.143742,0.087839
0.173462,0.47576,0.117786,0.0596381
0.149362,0.447737,0.0906454,0.0308336
0.123769,0.415282,0.0625931,0.0017161
0.0969373,0.378716,0.0339105,-0.0274205
0.0691354,0.338401,0.00488569,-0.0562822
0.0406411,0.294735,-0.02419,-0.0845755
0.0117389,0.248151,-0.0530245,-0.112017
-0.0172823,0.19911,-0.0813283,-0.13833
-0.0461325,0.148096,-0.108817,-0.163248
-0.0745234,0.0956131,-0.135215,-0.186521
-0.102171,0.0421816,-0.160257,-0.207912
-0.1288,-0.0116702,-0.183691,-0.227207
-0.154143,-0.0654097,-0.205282,-0.24421
-0.177948,-0.118505,-0.224813,-0.25875
-0.199976,-0.170435,-0.242088,-0.27068
-0.220007,-0.220681,-0.256934,-0.279878
-0.23784,-0.268747,-0.2692,-0.286253
-0.253299,-0.314156,-0.278764,-0.289739
-0.266227,-0.356459,-0.285529,-0.290303
-0.276496,-0.395238,-0.289428,-0.287937
-0.284002,-0.430108,-0.290421,-0.282667
-0.288671,-0.460723,-0.288499,-0.274544
-0.290457,-0.486782,-0.283679,-0.26365
-0.28934,-0.508026,-0.276012,-0.250096
-0.285332,-0.524244,-0.265573,-0.234018
-0.278472,-0.535276,-0.252468,-0.215577
-0.26883,-0.541012,-0.236828,-0.194961
-0.256502,-0.541394,-0.218809,-0.172377
-0.24161,-0.536418,-0.198592,-0.148054
-0.224303,-0.526134,-0.176381,-0.122236
-0.204754,-0.510643,-0.152398,-0.0951845
-0.183158,-0.490097,-0.126884,-0.067171
-0.159731,-0.464701,-0.100095,-0.0384786
-0.134707,-0.434704,-0.0723001,-0.00939659
-0.108335,-0.400404,-0.0437778,0.0197816
-0.0808804,-0.362141,-0.0148147,0.0487615
-0.0526161,-0.320291,0.0142985,0.0772509
-0.0238247,-0.275267,0.0432695,0.104962
0.00520606,-0.227516,0.0718074,0.131616
0.0341861,-0.177511,0.0996257,0.156941
0.0628258,-0.125747,0.126445,0.180685
0.0908391,-0.0727358,0.151996,0.202607
0.117946,-0.0190026,0.176023,0.222487
0.143876,0.0349211,0.198283,0.240123
0.168369,0.0885014,0.218553,0.255338
0.19118,0.141208,0.236629,0.267978
0.212083,0.192519,0.252331,0.277916
0.230867,0.241927,0.265501,0.285051
0.247346,0.288943,0.276006,0.289311
0.261354,0.333104,0.283742,0.290654
0.27275,0.373969,0.28863,0.289064
0.281422,0.411134,0.290621,0.28456
0.287283,0.444231,0.289694,0.277185
0.290273,0.472932,0.285861,0.267015
0.290363,0.496952,0.279157,0.254152
0.287552,0.516054,0.269651,0.238725
0.281868,0.530048,0.257439,0.22089
0.273367,0.538796,0.242641,0.200826
0.262134,0.54221,0.225408,0.178737
0.248282,0.540257,0.205911,0.154844
0.231948,0.532956,0.184347,0.129389
0.213296,0.520378,0.160932,0.102628
0.192513,0.502648,0.135901,0.0748304
0.169805,0.47994,0.109504,0.0462798
0.1454,0.45248,0.0820076,0.0172616
0.11954,0.420539,0.0536869,-0.0119318
0.0924861,0.384434,0.0248263,-0.0410059
0.0645067,0.344521,-0.00428453,-0.0696675
0.0358817,0.301196,-0.0333511,-0.0976277
0.0068973,0.254887,-0.0620841,-0.124604
-0.0221571,0.206053,-0.0901949,-0.150326
-0.050991,0.155178,-0.117401,-0.174532
-0.0793165,0.102764,-0.143431,-0.196979
-0.10685,0.0493273,-0.168021,-0.217441
-0.133318,-0.00459975,-0.190927,-0.235711
-0.158453,-0.058483,-0.211917,-0.251605
-0.182007,-0.111789,-0.23078,-0.264961
-0.203743,-0.16399,-0.247329,-0.275647
-0.223444,-0.214568,-0.261395,-0.283554
-0.240912,-0.263024,-0.272839,-0.288602
-0.255975,-0.308876,-0.281545,-0.290741
-0.26848,-0.351672,-0.287426,-0.289949
-0.278303,-0.390986,-0.290422,-0.286234
-0.285345,-0.426431,-0.290504,-0.279633
-0.289537,-0.457653,-0.28767,-0.270212
-0.290836,-0.484345,-0.281949,-0.258067
-0.289229,-0.506244,-0.273399,-0.24332
-0.284732,-0.523129,-0.262104,-0.226119
-0.27739,-0.534834,-0.248179,-0.20664
-0.267276,-0.541243,-0.231762,-0.185077
-0.254491,-0.542292,-0.213019,-0.161648
-0.239163,-0.53797,-0.192138,-0.136589
-0.221446,-0.52832,-0.16933,-0.110152
-0.201515,-0.513438,-0.144822,-0.0826046
-0.17957,-0.493471,-0.11886,-0.0542234
-0.15583,-0.468616,-0.0917043,-0.0252948
-0.130532,-0.439119,-0.0636281,0.0038896
-0.10393,-0.405273,-0.0349126,0.0330355
-0.0762887,-0.367409,-0.00584602,0.0618493
-0.0478843,-0.325905,0.02328,0.0900403
-0.0190007,-0.281172,0.0521732,0.117324
0.0100735,-0.233653,0.0805435,0.143425
0.0390478,-0.183818,0.108106,0.16808
0.0676327,-0.132161,0.134585,0.191042
0.0955426,-0.0791941,0.159714,0.212079
0.122499,-0.0254412,0.183241,0.23098
0.148231,0.0285651,0.20493,0.247552
0.172483,0.0822897,0.224564,0.261631
0.195013,0.135201,0.241944,0.273072
0.215594,0.186774,0.256897,0.281762
0.234022,0.236498,0.269272,0.287612
0.250112,0.283884,0.278946,0.290564
0.263704,0.32846,0.285821,0.290587
0.274661,0.369782,0.289829,0.287682
0.282873,0.407442,0.290928,0.281877
0.28826,0.441067,0.289108,0.273233
0.290767,0.470323,0.284387,0.261834
0.290368,0.494921,0.276813,0.247797
0.287069,0.514616,0.266461,0.231262
0.2809,0.529214,0.253436,0.212397
0.271926,0.538569,0.237868,0.191391
0.260234,0.542589,0.219913,0.168455
0.245941,0.541234,0.199751,0.143822
0.229191,0.534518,0.177585,0.117739
0.210151,0.522505,0.153637,0.0904687
0.18901,0.505314,0.128147,0.0622863
0.165981,0.483117,0.101371,0.0334779
0.141292,0.456133,0.073577,0.00433154
0.115192,0.424629,0.0450444,-0.024859
0.0879396,0.388917,0.0160593,-0.0537998
0.0598083,0.34935,-0.0130876,-0.082199
0.0310789,0.306322,-0.0421036,-0.109771
0.00203843,0.260258,-0.0706979,-0.136237
-0.027023,0.211614,-0.0985834,-0.161331
-0.055815,0.160873,-0.12548,-0.1848
-0.0840499,0.108537,-0.151119,-0.206407
-0.111445,0.0551241,-0.175242,-0.225936
-0.137728,0.0011602,-0.197607,-0.243188
-0.162635,-0.0528162,-0.21799,-0.25799
-0.185918,-0.10627,-0.236187,-0.270192
-0.207343,-0.158672,-0.252014,-0.279673
-0.226697,-0.209503,-0.265313,-0.286337
-0.243786,-0.258258,-0.275951,-0.290116
-0.25844,-0.304455,-0.283819,-0.290972
-0.270512,-0.347636,-0.288841,-0.288897
-0.279881,-0.387373,-0.290966,-0.283912
-0.286454,-0.423271,-0.290172,-0.276067
-0.290165,-0.454976,-0.286467,-0.26544
-0.290977,-0.482174,-0.279888,-0.252139
-0.288882,-0.504593,-0.270502,-0.236298
-0.2839,-0.522014,-0.258402,-0.218077
-0.276081,-0.534261,-0.243709,-0.197658
-0.265504,-0.541214,-0.226572,-0.175247
-0.252274,-0.542802,-0.207162,-0.151073
-0.236523,-0.539011,-0.185673,-0.125376
-0.218409,-0.529878,-0.162322,-0.0984167
-0.198112,-0.515493,-0.137342,-0.0704653
-0.175835,-0.495999,-0.110984,-0.0418037
-0.151801,-0.471589,-0.0835117,-0.0127205
-0.12625,-0.442504,-0.0552016,0.0164912
-0.0994377,-0.409034,-0.0263374,0.0455372
-0.0716309,-0.371509,0.00279152,0.0741251
-0.0431081,-0.330301,0.0318928,0.101967
-0.0141541,-0.285819,0.0606746,0.128782
0.0149417,-0.238501,0.0888482,0.1543
0.0438887,-0.188817,0.116131,0.178264
0.0723976,-0.137261,0.142249,0.200432
0.100184,-0.0843433,0.166941,0.220582
0.126969,-0.0305891,0.189958,0.23851
0.152486,0.023469,0.211071,0.254036
0.17648,0.0772953,0.230065,0.267005
0.198711,0.130356,0.246751,0.277284
0.218957,0.182126,0.260963,0.284772
0.237015,0.23209,0.272558,0.289391
0.252706,0.279755,0.28142,0.291096
0.265871,0.324648,0.287459,0.28987
0.276381,0.366323,0.290615,0.285724
0.284129,0.404367,0.290856,0.278701
0.289039,0.438407,0.28818,0.268871
0.29106,0.4681,0.282614,0.256333
0.290174,0.493153,0.274213,0.241214
0.286388,0.513317,0.263062,0.223667
0.279741,0.528392,0.249272,0.203867
0.270298,0.538229,0.232983,0.182014
0.258155,0.542731,0.214356,0.158328
0.243432,0.541851,0.193579,0.133048
0.226277,0.5356,0.17086,0.106427
0.206861,0.524039,0.146427,0.0787347
0.185378,0.507282,0.120525,0.0502491
0.162042,0.485497,0.0934146,0.0212572
0.137087,0.458897,0.0653667,-0.00794907
0.110762,0.427748,0.0366627,-0.0370756
0.0833302,0.392355,0.00759079,-0.0658292
0.0550653,0.353071,-0.0215576,-0.0939203
0.0262499,0.310286,-0.0504902,-0.121064
-0.00282804,0.264424,-0.0789166,-0.146989
-0.0318781,0.215939,-0.106552,-0.171435
-0.0606099,0.165313,-0.133119,-0.194154
-0.0887365,0.113047,-0.158349,-0.21492
-0.115977,0.0596593,-0.181992,-0.233522
-0.142059,0.00567968,-0.203809,-0.249773
-0.166721,-0.0483568,-0.223584,-0.263509
-0.189718,-0.101914,-0.241116,-0.274593
-0.21082,-0.154462,-0.25623,-0.282912
-0.229816,-0.205479,-0.268776,-0.288383
-0.246516,-0.254458,-0.278626,-0.290951
-0.260752,-0.300919,-0.285682,-0.290589
-0.272384,-0.344396,-0.289873,-0.287302
-0.281294,-0.384458,-0.291157,-0.281123
-0.287394,-0.420707,-0.289522,-0.272114
-0.290622,-0.452785,-0.284984,-0.260366
-0.290947,-0.480373,-0.277587,-0.245997
-0.288365,-0.503198,-0.267407,-0.229152
-0.282901,-0.521032,-0.254545,-0.209999
-0.274611,-0.5337,-0.239131,-0.188733
-0.263577,-0.541074,-0.221318,-0.165566
-0.249909,-0.543084,-0.201286,-0.140733
-0.233744,-0.539707,-0.179235,-0.114482
-0.215244,-0.530979,-0.155386,-0.0870795
-0.194593,-0.516984,-0.129979,-0.0587998
-0.171997,-0.497862,-0.103268,-0.0299279
-0.147683,-0.473801,-0.075522,-0.000754505
-0.121893,-0.445041,-0.0470179,0.0284267
-0.094885,-0.411866,-0.0180422,0.0573199
-0.0669286,-0.374605,0.0111148,0.0856364
-0.0383032,-0.333629,0.0401605,0.113091
-0.00929491,-0.289344,0.0688038,0.139408
0.0198065,-0.242188,0.0967552,0.164322
0.0487103,-0.19263,0.123737,0.187582
0.0771276,-0.14116,0.149478,0.208955
0.104775,-0.0882904,0.173721,0.228225
0.131375,-0.0345444,0.196221,0.245197
0.156663,0.0195446,0.216755,0.259702
0.180386,0.0734402,0.235116,0.271594
0.202306,0.126608,0.251119,0.280752
0.222206,0.178524,0.264605,0.287084
0.239885,0.22867,0.275438,0.290527
0.255168,0.276547,0.283509,0.291046
0.267902,0.321682,0.288737,0.288636
0.277959,0.363626,0.291071,0.283321
0.285238,0.401963,0.290486,0.275156
0.289668,0.436313,0.286988,0.264221
0.291204,0.466335,0.280614,0.250627
0.28983,0.491731,0.271425,0.234511
0.28556,0.512249,0.259515,0.216035
0.278437,0.527686,0.245003,0.195385
0.268532,0.537889,0.228034,0.172769
0.255944,0.542755,0.208779,0.148413
0.240799,0.542238,0.18743,0.122565
0.223248,0.536342,0.164202,0.095482
0.203466,0.525125,0.139327,0.0674386
0.181651,0.508697,0.113055,0.0387162
0.15802,0.487223,0.0856499,0.00960411
0.132811,0.460914,0.0573854,-0.0196026
0.106275,0.430032,0.0285454,-0.0486123
0.0786765,0.394883,-0.000581081,-0.0771331
0.0502919,0.355816,-0.0297019,-0.104878
0.0214046,0.313219,-0.0585229,-0.131568
-0.00769673,0.267514,-0.0867574,-0.156934
-0.0367213,0.219154,-0.114122,-0.180721
-0.0653792,0.16862,-0.140343,-0.20269
-0.0933841,0.116413,-0.165158,-0.22262
-0.120456,0.0630499,-0.188316,-0.24031
-0.146325,0.0090613,-0.209587,-0.255583
-0.170731,-0.0450175,-0.228757,-0.268283
-0.193432,-0.09865,-0.245634,-0.278285
-0.214201,-0.151308,-0.260049,-0.285487
-0.23283,-0.202465,-0.271856,-0.289816
-0.249132,-0.251613,-0.280938,-0.291229
-0.262945,-0.298265,-0.287204,-0.289712
-0.274131,-0.341957,-0.290591,-0.285281
-0.282578,-0.382256,-0.291065,-0.27798
-0.288202,-0.418763,-0.28862,-0.267882
-0.290947,-0.451114,-0.283283,-0.25509
-0.290784,-0.478989,-0.275105,-0.239731
-0.287716,-0.502111,-0.26417,-0.22196
-0.281773,-0.520251,-0.250586,-0.201956
-0.273015,-0.533228,-0.234489,-0.179921
-0.26153,-0.540915,-0.216043,-0.156075
-0.247431,-0.543234,-0.19543,-0.130659
-0.230859,-0.540162,-0.172857,-0.103928
-0.211981,-0.53173,-0.148552,-0.0761523
-0.190986,-0.518021,-0.122758,-0.0476098
-0.168081,-0.499171,-0.0957325,-0.0185883
-0.143497,-0.475366,-0.0677474,0.0106181
-0.11748,-0.446844,-0.039083,0.0397179
-0.0902881,-0.413886,-0.0100266,0.0684184
-0.0621943,-0.376821,0.0191304,0.0964307
-0.033479,-0.336016,0.0480936,0.123473
-0.00442899,-0.291876,0.0765749,0.149274
0.0246654,-0.244839,0.104289,0.173573
0.0535135,-0.195372,0.130957,0.196127
0.081827,-0.143966,0.156314,0.216708
0.109323,-0.0911308,0.180103,0.235109
0.135727,-0.0373909,0.202087,0.251146
0.160775,0.0167204,0.222046,0.264656
0.184217,0.070666,0.239779,0.275505
0.205818,0.12391,0.255109,0.283582
0.225363,0.175929,0.267882,0.288807
0.242656,0.226202,0.27797,0.291127
0.257525,0.27423,0.285272,0.290518
0.269821,0.319536,0.289714,0.286989
0.279421,0.36167,0.291253,0.280572
0.286229,0.400215,0.289872,0.271334
0.290178,0.434787,0.285585,0.259368
0.291227,0.465044,0.278436,0.244792
0.289367,0.490685,0.268496,0.227755
0.284615,0.511455,0.255865,0.208427
0.277019,0.527149,0.240669,0.187003
0.266656,0.53761,0.223061,0.163698
0.253629,0.542736,0.203217,0.138747
0.238067,0.542473,0.181336,0.1124
0.220126,0.536827,0.157637,0.0849229
0.199987,0.525851,0.132358,0.0565914
0.177848,0.509655,0.105752,0.0276907
0.153933,0.488399,0.0780861,-0.00148854
0.12848,0.462294,0.0496374,-0.0306507
0.101743,0.4316,0.0206911,-0.0595049
0.0739894,0.396621,-0.00846272,-0.0877607
0.0454964,0.357704,-0.0375318,-0.115134
0.0165487,0.315236,-0.0662248,-0.14135
-0.0125644,0.269639,-0.094252,-0.166145
-0.0415521,0.221364,-0.121335,-0.189269
-0.0701248,0.170892,-0.147202,-0.21049
-0.0979969,0.118723,-0.171593,-0.229594
-0.12489,0.065375,-0.194265,-0.24639
-0.150535,0.0113779,-0.214991,-0.260708
-0.174677,-0.0427323,-0.233561,-0.272405
-0.197073,-0.0964185,-0.249791,-0.281363
-0.2175,-0.149148,-0.263518,-0.287491
-0.235754,-0.200396,-0.274604,-0.290729
-0.251653,-0.249659,-0.282938,-0.291043
-0.265037,-0.296444,-0.288436,-0.288431
-0.275774,-0.340285,-0.291043,-0.282919
-0.283755,-0.380747,-0.290734,-0.274562
-0.288901,-0.417429,-0.287511,-0.263445
-0.29116,-0.449967,-0.281407,-0.249679
-0.29051,-0.478037,-0.272482,-0.233403
-0.286958,-0.501361,-0.260827,-0.21478
-0.280539,-0.519706,-0.246558,-0.193998
-0.271316,-0.532892,-0.229817,-0.171265
-0.259383,-0.540787,-0.210774,-0.146811
-0.244858,-0.543311,-0.189618,-0.12088
-0.227887,-0.540442,-0.166561,-0.0937339
-0.208639,-0.532206,-0.141835,-0.0656453
-0.187306,-0.518686,-0.115688,-0.0368966
-0.164101,-0.500016,-0.0883813,-0.0077769
-0.139257,-0.476382,-0.0601886,0.0214211
-0.113021,-0.448015,-0.0313928,0.0504038
-0.0856564,-0.415198,-0.00228216,0.0788799
-0.0574356,-0.378259,0.0268514,0.106561
-0.0286409,-0.337563,0.0557159,0.133171
0.000440094,-0.293515,0.0840221,0.158442
0.0295168,-0.246551,0.111486,0.182121
0.0582986,-0.19714,0.137833,0.203968
0.086498,-0.14577,0.162799,0.223766
0.113833,-0.0929533,0.186132,0.241314
0.140031,-0.0392129,0.207599,0.256437
0.16483,0.014917,0.226986,0.268982
0.187982,0.068899,0.244099,0.278822
0.209256,0.122197,0.258766,0.28586
0.228439,0.174281,0.27084,0.290025
0.24534,0.224635,0.2802,0.291274
0.25979,0.272759,0.286753,0.289595
0.271644,0.318173,0.290432,0.285005
0.280784,0.360429,0.291201,0.27755
0.287118,0.399107,0.289052,0.267305
0.290584,0.433823,0.284007,0.254372
0.291147,0.464229,0.276115,0.238884
0.2888,0.490025,0.265457,0.220995
0.283568,0.510953,0.252139,0.200885
0.275503,0.526807,0.236295,0.178755
0.264685,0.537429,0.218082,0.154829
0.251223,0.542713,0.197684,0.129347
0.23525,0.542607,0.175306,0.102564
0.216927,0.537111,0.151171,0.074751
0.196436,0.526281,0.12552,0.0461862
0.173983,0.510224,0.0986125,0.0171572
0.149792,0.489099,0.0707164,-0.0120444
0.124103,0.463117,0.0421116,-0.0411249
0.0971749,0.432534,0.0130848,-0.0697922
0.0692756,0.397656,-0.0160732,-0.097758
0.0406841,0.358828,-0.0450702,-0.124741
0.011686,0.316436,-0.0736157,-0.150471
-0.0174289,0.270897,-0.101424,-0.174688
-0.0463697,0.222668,-0.128215,-0.19715
-0.0748473,0.172226,-0.153722,-0.217629
-0.102577,0.120074,-0.177689,-0.23592
-0.129282,0.0667285,-0.199875,-0.251841
-0.154695,0.0127202,-0.220058,-0.265231
-0.178563,-0.0414146,-0.238036,-0.275956
-0.200647,-0.0951381,-0.25363,-0.283907
-0.220726,-0.147917,-0.26668,-0.289006
-0.238599,-0.199226,-0.277059,-0.2912
-0.254089,-0.248556,-0.284663,-0.290468
-0.26704,-0.295418,-0.289414,-0.286816
-0.277323,-0.339344,-0.291266,-0.280283
-0.284835,-0.379901,-0.290199,-0.270933
-0.289502,-0.416683,-0.286225,-0.25886
-0.291276,-0.449326,-0.279384,-0.244185
-0.290139,-0.477506,-0.269743,-0.227057
-0.286104,-0.500943,-0.2574,-0.207647
-0.27921,-0.519405,-0.242478,-0.18615
-0.269526,-0.532706,-0.225127,-0.162783
-0.25715,-0.540715,-0.20552,-0.137781
-0.242204,-0.543352,-0.183854,-0.111395
-0.224838,-0.540591,-0.160346,-0.0838898
-0.205225,-0.532458,-0.135231,-0.0555416
-0.183563,-0.519036,-0.108762,-0.0266352
-0.160066,-0.500457,-0.0812024,0.00253879
-0.13497,-0.476906,-0.0528297,0.0316873
-0.108525,-0.448617,-0.0239275,0.0605175
-0.0809956,-0.415871,0.00521433,0.0887397
-0.0526571,-0.378993,0.034304,0.11607
-0.0237925,-0.338349,0.06305,0.142235
0.00530989,-0.294344,0.0911644,0.16697
0.0343593,-0.247415,0.118366,0.190028
0.0630654,-0.198028,0.144381,0.211176
0.0911414,-0.146672,0.168949,0.230202
0.118307,-0.0938601,0.191826,0.246916
0.14429,-0.0401152,0.21278,0.261148
0.168832,0.0140325,0.231602,0.272757
0.191687,0.0680408,0.248105,0.281625
0.212627,0.121373,0.262121,0.287663
0.231442,0.173499,0.273511,0.290811
0.247945,0.223902,0.282161,0.291037
0.261971,0.27208,0.287985,0.28834
0.273379,0.317554,0.290923,0.282746
0.282056,0.359873,0.290946,0.274311
0.287915,0.398616,0.288054,0.26312
0.290897,0.433398,0.282277,0.249286
0.290973,0.463873,0.273672,0.232948
0.288141,0.48974,0.262326,0.214269
0.28243,0.51074,0.248352,0.193438
0.273898,0.526665,0.23189,0.170663
0.262629,0.537357,0.213105,0.146174
0.248736,0.542709,0.192186,0.120216
0.232358,0.542669,0.169341,0.0930509
0.213658,0.537236,0.1448,0.0649505
0.192823,0.526465,0.118808,0.0361976
0.170062,0.510461,0.0916262,0.00708106
0.145601,0.489385,0.0635265,-0.0221067
0.119686,0.463444,0.0347904,-0.0510724
0.0925751,0.432898,0.00570571,-0.0795229
0.0645391,0.39805,-0.0234361,-0.107175
0.0358581,0.359246,-0.0523432,-0.13375
0.00681891,0.316871,-0.080726,-0.158982
-0.0222885,0.271347,-0.1083,-0.182617
-0.0511732,0.223127,-0.13479,-0.204417
-0.0795467,0.172689,-0.159929,-0.224164
-0.107125,0.120535,-0.183466,-0.24166
-0.133634,0.0671827,-0.205165,-0.256728
-0.158807,0.0131628,-0.224809,-0.269218
-0.182394,-0.0409879,-0.242201,-0.279003
-0.204158,-0.0947314,-0.257167,-0.285986
-0.223882,-0.147533,-0.269557,-0.290096
-0.24137,-0.198869,-0.279247,-0.291292
-0.256446,-0.248229,-0.286139,-0.289562
-0.26896,-0.295122,-0.290165,-0.284924
-0.278786,-0.339082,-0.291285,-0.277423
-0.285827,-0.379674,-0.289486,-0.267136
-0.290012,-0.416494,-0.284788,-0.254166
-0.2913,-0.449173,-0.277237,-0.238642
-0.289677,-0.477388,-0.266908,-0.220723
-0.28516,-0.500858,-0.253906,-0.200587
-0.277794,-0.519349,-0.238361,-0.178437
-0.267652,-0.532678,-0.220428,-0.154494
-0.254836,-0.540713,-0.200286,-0.129
-0.239474,-0.543373,-0.178138,-0.10221
-0.221719,-0.540632,-0.154206,-0.0743941
-0.201749,-0.532518,-0.128729,-0.0458305
-0.179763,-0.519111,-0.101965,-0.0168067
-0.155981,-0.500543,-0.0741793,0.012386
-0.13064,-0.477001,-0.0456506,0.0414543
-0.103994,-0.448717,-0.0166647,0.0701063
-0.0763092,-0.415973,0.0124882,0.0980542
-0.0478619,-0.379095,0.0415159,0.125017
-0.0189363,-0.338448,0.0701279,0.150725
0.0101785,-0.294437,0.0980376,0.174919
0.0391917,-0.2475,0.124965,0.197356
0.0678133,-0.198103,0.150641,0.217811
0.0957573,-0.146732,0.174809,0.236079
0.122745,-0.0939028,0.197225,0.251975
0.148506,-0.04014,0.217667,0.26534
0.172783,0.0140219,0.235928,0.276041
0.195334,0.0680445,0.251826,0.283969
0.215933,0.121391,0.265202,0.289046
0.234375,0.17353,0.275922,0.291221
0.250475,0.223945,0.283878,0.290471
0.264072,0.272133,0.288991,0.286805
0.275032,0.317616,0.291209,0.280258
0.283243,0.359941,0.290511,0.270897
0.288624,0.398688,0.286903,0.258816
0.291121,0.433472,0.280422,0.244136
0.29071,0.463947,0.271132,0.227005
0.287394,0.489809,0.259126,0.207593
0.281207,0.510802,0.244525,0.186098
0.27221,0.526718,0.227475,0.162733
0.260493,0.537397,0.208148,0.137734
0.246174,0.542733,0.186736,0.111353
0.229395,0.542675,0.163455,0.0838525
0.210324,0.537221,0.138537,0.0555105
0.189151,0.526426,0.112231,0.0266111
0.166087,0.510397,0.0848014,-0.00255559
0.141363,0.489293,0.0565226,-0.0316966
0.115227,0.463324,0.0276777,-0.0605194
0.0879387,0.432749,-0.00144436,-0.0887344
0.0597719,0.397871,-0.030552,-0.116058
0.0310078,0.35904,-0.0593537,-0.142217
0.00193385,0.316639,-0.087561,-0.166948
-0.0271594,0.271091,-0.114891,-0.190002
-0.0559814,0.222848,-0.141071,-0.211148
-0.0842439,0.172382,-0.165839,-0.230174
-0.111665,0.120201,-0.188945,-0.246888
-0.137969,0.0668251,-0.21016,-0.261124
-0.162896,0.0127846,-0.229269,-0.272736
-0.186194,-0.0413831,-0.246083,-0.28161
-0.207632,-0.0951392,-0.260433,-0.287656
-0.226995,-0.147949,-0.272174,-0.290816
-0.244089,-0.199288,-0.28119,-0.291055
-0.258745,-0.248645,-0.28739,-0.288373
-0.270815,-0.29553,-0.290712,-0.282797
-0.280178,-0.339476,-0.291123,-0.274381
-0.286742,-0.380046,-0.288618,-0.263211
-0.290441,-0.416837,-0.283223,-0.249398
-0.291237,-0.449483,-0.274992,-0.233082
-0.289123,-0.477659,-0.264007,-0.214426
-0.284119,-0.501085,-0.250378,-0.193618
-0.276277,-0.519528,-0.234242,-0.170865
-0.265674,-0.532805,-0.21576,-0.146398
-0.252415,-0.540783,-0.195118,-0.120461
-0.236635,-0.543384,-0.172521,-0.0933145
-0.21849,-0.540582,-0.148197,-0.0652314
-0.198161,-0.532404,-0.122388,-0.0364934
-0.175852,-0.518931,-0.0953543,-0.00738905
-0.151786,-0.500298,-0.0673653,0.0217895
-0.126203,-0.47669,-0.0387018,0.0507493
-0.0993594,-0.448342,-0.00965062,0.0791997
-0.0715225,-0.415535,0.0194972,0.106855
-0.0429709,-0.378596,0.0484497,0.133438
-0.0139899,-0.337892,0.0769171,0.158681
0.015131,-0.293829,0.104614,0.182331
0.0441007,-0.246843,0.131264,0.204151
0.0726297,-0.197402,0.156599,0.223921
0.100433,-0.145999,0.180366,0.241444
0.127232,-0.0931436,0.202326,0.256543
0.152761,-0.039362,0.222261,0.269066
0.176762,0.014811,0.239969,0.278889
0.198998,0.0688367,0.255275,0.285912
0.219245,0.122178,0.268024,0.290064
0.2373,0.174304,0.278089,0.291305
0.252985,0.224697,0.28537,0.289621
0.266142,0.272856,0.289792,0.28503
0.276639,0.318301,0.291313,0.277578
0.284371,0.360581,0.289916,0.267339
0.289262,0.399276,0.285616,0.254417
0.291263,0.434005,0.278456,0.23894
0.290352,0.464416,0.268507,0.221065
0.286541,0.490209,0.255869,0.200971
0.279866,0.511125,0.240669,0.178859
0.270394,0.526956,0.223059,0.154952
0.25822,0.537546,0.203215,0.129489
0.243466,0.542789,0.181336,0.10273
0.226279,0.542632,0.157641,0.0749407
0.206831,0.537078,0.132368,0.0463991
0.185316,0.526182,0.105769,0.0173918
0.161949,0.510051,0.0781103,-0.0117901
0.136964,0.488847,0.0496697,-0.0408537
0.11061,0.46278,0.0207317,-0.0695072
0.0831506,0.43211,-0.00841389,-0.0974633
0.0548604,0.397141,-0.0374753,-0.124441
0.026022,0.358222,-0.0661614,-0.15017
-0.00307643,0.315739,-0.0941849,-0.174392
-0.0321441,0.270116,-0.121265,-0.196864
-0.0608907,0.221806,-0.147131,-0.217361
-0.0890287,0.17129,-0.171524,-0.235676
-0.116277,0.119069,-0.194199,-0.251626
-0.142364,0.0656644,-0.214929,-0.26505
-0.167027,0.0116063,-0.233507,-0.275815
-0.190022,-0.0425672,-0.249746,-0.283812
-0.211118,-0.0963172,-0.263485,-0.28896
-0.230104,-0.149109,-0.274585,-0.291209
-0.246791,-0.200418,-0.282935,-0.290535
-0.261012,-0.249733,-0.288452,-0.286946
-0.272624,-0.296564,-0.29108,-0.280476
-0.281513,-0.340445,-0.290793,-0.271192
-0.287588,-0.38094,-0.287594,-0.259187
-0.290789,-0.417645,-0.281515,-0.24458
-0.291084,-0.450196,-0.272617,-0.227519
-0.288471,-0.478269,-0.260991,-0.208175
-0.282975,-0.501584,-0.246752,-0.186741
-0.274651,-0.51991,-0.230043,-0.163434
-0.263582,-0.533064,-0.21103,-0.138486
-0.24988,-0.540916,-0.189905,-0.112148
-0.233681,-0.543387,-0.166879,-0.0846851
-0.215146,-0.540453,-0.142182,-0.0563722
-0.194462,-0.532143,-0.116062,-0.0274935
-0.171834,-0.518539,-0.0887801,0.00166109
-0.147489,-0.499777,-0.0606092,0.030799
-0.121671,-0.476045,-0.0318315,0.0596279
-0.0946361,-0.447576,-0.00273509,0.0878583
-0.0666559,-0.414656,0.0263887,0.115207
-0.0380097,-0.377605,0.0552483,0.1414
-0.00898356,-0.336796,0.0835548,0.166173
0.0201323,-0.292637,0.111025,0.189279
0.049047,-0.245565,0.137383,0.210486
0.0774716,-0.196051,0.162367,0.22958
0.105122,-0.144585,0.185724,0.24637
0.131722,-0.0916807,0.207223,0.260687
0.157006,-0.0378641,0.226646,0.272389
0.180721,0.0163293,0.243801,0.281357
0.202629,0.0703601,0.258515,0.2875
0.222513,0.123691,0.270642,0.29076
0.240174,0.175791,0.280058,0.291102
0.255434,0.226142,0.286671,0.288523
0.268142,0.274243,0.290414,0.283051
0.27817,0.319614,0.29125,0.274738
0.285419,0.361806,0.28917,0.263669
0.289816,0.400398,0.284195,0.249955
0.291316,0.435005,0.276374,0.233733
0.289905,0.465284,0.265787,0.215166
0.285598,0.490934,0.25254,0.19444
0.278436,0.511698,0.236763,0.171764
0.268492,0.527371,0.218617,0.147365
0.255865,0.537797,0.198282,0.121487
0.240681,0.542871,0.175962,0.0943901
0.223092,0.542544,0.15188,0.0663463
0.203274,0.536818,0.126278,0.037637
0.181424,0.52575,0.099412,0.00855001
0.157762,0.509452,0.0715505,-0.0206227
0.132523,0.488084,0.0429726,-0.0495886
0.105959,0.461859,0.0139645,-0.0780569
0.0783372,0.431039,-0.0151834,-0.105742
0.0499322,0.39593,-0.0441793,-0.132367
0.0210282,0.356881,-0.0727329,-0.157663
-0.00808589,0.314281,-0.100558,-0.181378
-0.0371192,0.268554,-0.127377,-0.203273
-0.0657816,0.220155,-0.152921,-0.223128
-0.0937867,0.169565,-0.176933,-0.240745
-0.120855,0.117288,-0.199175,-0.255947
-0.146715,0.063844,-0.219422,-0.268581
-0.171109,0.00976465,-0.237473,-0.278521
-0.193793,-0.0444119,-0.253146,-0.285666
-0.214541,-0.0981466,-0.266285,-0.289945
-0.233145,-0.150905,-0.276759,-0.291316
-0.249419,-0.202161,-0.284461,-0.289763
-0.2632,-0.251406,-0.289316,-0.285304
-0.274352,-0.29815,-0.291274,-0.277983
-0.282762,-0.341927,-0.290317,-0.267872
-0.288346,-0.382301,-0.286453,-0.255074
-0.291049,-0.418872,-0.279721,-0.239717
-0.290843,-0.451274,-0.270189,-0.221955
-0.287731,-0.479191,-0.257952,-0.201966
-0.281744,-0.502337,-0.243132,-0.179951
-0.272942,-0.520484,-0.225879,-0.156131
-0.261412,-0.533451,-0.206364,-0.130744
-0.247269,-0.541107,-0.184783,-0.104046
-0.230656,-0.543378,-0.161353,-0.0763035
-0.211738,-0.540241,-0.136307,-0.0477957
-0.190704,-0.531726,-0.109896,-0.0188083
-0.167764,-0.517919,-0.0823854,0.0103677
-0.143148,-0.498957,-0.0540499,0.0394398
-0.117101,-0.475028,-0.0251732,0.0681161
-0.0898843,-0.446371,0.00395543,0.0961091
-0.0617693,-0.413272,0.0330445,0.123134
-0.0330369,-0.376059,0.0618028,0.148924
-0.00397448,-0.335103,0.0899423,0.17322
0.0251277,-0.290812,0.117181,0.195779
0.0539788,-0.243626,0.143247,0.216374
0.0822905,-0.194015,0.167879,0.234799
0.10978,-0.142473,0.190831,0.250869
0.136172,-0.0895134,0.211872,0.264424
0.161204,-0.0356625,0.230791,0.275326
0.184625,0.0185435,0.247401,0.283467
0.2062,0.0725648,0.261533,0.288764
0.225716,0.125864,0.273047,0.291166
0.242975,0.17791,0.281828,0.290647
0.257807,0.228186,0.287787,0.287214
0.270062,0.27619,0.290866,0.280899
0.279619,0.321446,0.291032,0.271768
0.286382,0.363502,0.288285,0.259911
0.290283,0.401939,0.282651,0.245447
0.291283,0.436377,0.274188,0.228521
0.289372,0.466471,0.26298,0.209303
0.284569,0.491922,0.24914,0.187986
0.276923,0.512476,0.232805,0.164784
0.26651,0.52793,0.214139,0.139929
0.253433,0.538129,0.19333,0.113671
0.237824,0.542972,0.170585,0.0862721
0.219839,0.542411,0.146132,0.0580083
0.199656,0.536451,0.120217,0.0291628
0.177479,0.525151,0.0930979,2.471e-05
0.153528,0.508625,0.0650468,-0.0291136
0.128042,0.487036,0.0363446,-0.0579599
0.101277,0.460599,0.00727847,-0.0862249
0.0735005,0.429578,-0.0218605,-0.113625
0.0449891,0.394281,-0.0507807,-0.139886
0.0160281,0.355059,-0.0791924,-0.164743
-0.013093,0.312304,-0.106811,-0.187949
-0.0420833,0.26644,-0.133361,-0.209269
-0.0706531,0.217924,-0.158576,-0.228491
-0.0985169,0.167239,-0.182203,-0.24542
-0.125396,0.11489,-0.204006,-0.259889
-0.151022,0.0613968,-0.223766,-0.271751
-0.175139,0.00729272,-0.241284,-0.280887
-0.197506,-0.0468922,-0.256387,-0.287206
-0.2179,-0.10061,-0.268925,-0.290645
-0.236115,-0.153327,-0.27877,-0.291168
-0.251972,-0.204517,-0.285826,-0.288772
-0.26531,-0.25367,-0.290021,-0.283479
-0.275997,-0.300298,-0.291314,-0.275343
-0.283927,-0.343936,-0.289691,-0.264445
-0.289018,-0.38415,-0.285169,-0.250895
-0.291222,-0.420539,-0.277793,-0.234829
-0.290516,-0.452741,-0.267637,-0.216408
-0.286906,-0.480435,-0.254802,-0.195816
-0.28043,-0.503346,-0.239417,-0.17326
-0.271151,-0.521245,-0.221636,-0.148967
-0.259163,-0.533955,-0.201637,-0.123179
-0.244585,-0.541348,-0.179619,-0.0961561
-0.227563,-0.543352,-0.155804,-0.0681688
-0.208266,-0.539946,-0.13043,-0.0394977
-0.186889,-0.531164,-0.103751,-0.0104349
-0.163644,-0.517093,-0.0760328,0.0187325
-0.138764,-0.497874,-0.0475539,0.047712
-0.112497,-0.473698,-0.0185992,0.0762132
-0.0851056,-0.444806,0.0105418,0.10395
-0.056864,-0.411485,0.0395772,0.130645
-0.0280543,-0.374067,0.0682165,0.15603
0.00103583,-0.332925,0.0961731,0.17985
0.0301156,-0.288468,0.123167,0.201868
0.0588944,-0.241139,0.148929,0.221861
0.0870847,-0.19141,0.1732,0.23963
0.114405,-0.139774,0.195737,0.254996
0.140582,-0.0867468,0.216316,0.267805
0.165354,-0.0328559,0.234729,0.277929
0.188473,0.0213621,0.250794,0.285267
0.20971,0.0753675,0.264348,0.289744
0.22885,0.128622,0.275257,0.291317
0.245704,0.180597,0.283411,0.289968
0.260102,0.230773,0.288729,0.285712
0.271902,0.278652,0.291157,0.278592
0.280984,0.323756,0.290671,0.268678
0.287258,0.365637,0.287276,0.25607
0.290662,0.403877,0.281006,0.240895
0.291162,0.438096,0.271923,0.223304
0.288751,0.467954,0.260119,0.203475
0.283456,0.493152,0.245712,0.181605
0.275327,0.51344,0.228846,0.157915
0.264448,0.528617,0.209689,0.132641
0.250926,0.53853,0.188434,0.106037
0.234896,0.543081,0.165293,0.0783706
0.216519,0.542225,0.140497,0.0499179
0.195978,0.535971,0.114296,0.0209648
0.17348,0.524381,0.0869505,-0.00819852
0.149247,0.507569,0.0587349,-0.0372797
0.123523,0.485704,0.0299315,-0.065987
0.0965648,0.459003,0.00082854,-0.0940327
0.0686415,0.427732,-0.0282827,-0.121136
0.0400323,0.392203,-0.0571109,-0.147024
0.0110231,0.352768,-0.0853676,-0.171438
-0.0180962,0.309821,-0.11277,-0.194134
-0.0470348,0.263783,-0.139043,-0.214882
-0.0755033,0.215117,-0.163926,-0.233477
-0.103217,0.164308,-0.187167,-0.24973
-0.1299,0.111864,-0.208535,-0.26348
-0.155284,0.058305,-0.227817,-0.274587
-0.179117,0.00416558,-0.244818,-0.282942
-0.20116,-0.0500154,-0.259369,-0.28846
-0.221193,-0.103698,-0.271324,-0.291085
-0.239015,-0.156348,-0.280564,-0.290792
-0.254449,-0.207441,-0.286996,-0.287584
-0.26734,-0.256468,-0.290556,-0.281491
-0.27756,-0.302941,-0.291207,-0.272577
-0.285006,-0.346396,-0.288944,-0.26093
-0.289604,-0.386402,-0.28379,-0.246666
-0.291308,-0.422559,-0.275795,-0.229929
-0.290101,-0.454508,-0.26504,-0.210887
-0.285995,-0.48193,-0.251633,-0.18973
-0.279032,-0.504553,-0.235707,-0.166671
-0.269279,-0.52215,-0.217422,-0.141941
-0.256836,-0.534547,-0.196961,-0.115788
-0.241827,-0.541621,-0.174529,-0.088474
-0.224401,-0.5433,-0.15035,-0.0602728
-0.204732,-0.539568,-0.124667,-0.0314672
-0.183018,-0.530463,-0.0977357,-0.00235061
-0.159475,-0.516074,-0.0698264,0.0267896
-0.134338,-0.496546,-0.0412182,0.0556612
-0.107858,-0.472072,-0.0121976,0.083975
-0.0803014,-0.442897,0.0169452,0.111447
-0.0519418,-0.40931,0.0459183,0.137802
-0.0230632,-0.371648,0.0744319,0.162776
0.00604586,-0.330284,0.102201,0.186118
0.0350945,-0.28563,0.128946,0.207594
0.0637925,-0.238132,0.154402,0.22699
0.0918529,-0.188262,0.178312,0.244111
0.118996,-0.136517,0.200437,0.258785
0.144949,-0.0834124,0.220557,0.270865
0.169454,-0.0294771,0.238469,0.28023
0.192266,0.0247517,0.253994,0.286786
0.213156,0.078734,0.266978,0.290467
0.231917,0.131932,0.277289,0.291237
0.248359,0.183816,0.284826,0.289088
0.26232,0.23387,0.289512,0.284041
0.27366,0.281594,0.2913,0.276147
0.282265,0.326514,0.290173,0.265486
0.28805,0.368182,0.286142,0.252163
0.290955,0.406183,0.279247,0.236313
0.290954,0.440139,0.269557,0.218094
0.288045,0.469711,0.25717,0.197689
0.282257,0.494605,0.242209,0.175302
0.273649,0.514573,0.224824,0.151158
0.262307,0.529416,0.205188,0.1255
0.248343,0.538987,0.1835,0.0985829
0.231898,0.54319,0.159974,0.070678
0.213135,0.541983,0.134848,0.0420648
0.192243,0.535378,0.108372,0.0130299
0.169429,0.523441,0.0808115,-0.0161356
0.144922,0.50629,0.0524422,-0.0451394
0.118967,0.484098,0.023548,-0.0736907
0.0918235,0.457084,-0.0055818,-0.101503
0.0637622,0.425518,-0.0346558,-0.128299
0.0350638,0.389714,-0.0633829,-0.153808
0.00601488,0.350028,-0.0914757,-0.177776
-0.0230941,0.306857,-0.118653,-0.199961
-0.0519723,0.260622,-0.144643,-0.220143
-0.0803311,0.211791,-0.169185,-0.238118
-0.107887,0.16085,-0.192034,-0.253706
-0.134365,0.108306,-0.212961,-0.266751
-0.159501,0.0546834,-0.231757,-0.277122
-0.183042,0.000515931,-0.248233,-0.284716
-0.204754,-0.0536567,-0.262225,-0.289456
-0.224421,-0.107295,-0.273592,-0.291294
-0.241844,-0.159864,-0.282222,-0.290213
-0.256851,-0.21084,-0.288027,-0.286223
-0.269291,-0.259716,-0.290949,-0.279364
-0.27904,-0.306005,-0.290959,-0.269705
-0.286001,-0.349245,-0.288058,-0.257342
-0.290104,-0.389006,-0.282273,-0.2424
-0.291308,-0.424891,-0.273664,-0.225028
-0.289601,-0.456543,-0.262315,-0.205401
-0.285,-0.483647,-0.248344,-0.183715
-0.277551,-0.505933,-0.231888,-0.160188
-0.267328,-0.523178,-0.213112,-0.135054
-0.254434,-0.535212,-0.192204,-0.108568
-0.238997,-0.541913,-0.169373,-0.0809926
-0.221173,-0.543215,-0.144847,-0.0526058
-0.201138,-0.539106,-0.118872,-0.0236916
-0.179093,-0.529626,-0.0917072,0.00545995
-0.155258,-0.514869,-0.0636252,0.0345568
-0.129872,-0.494984,-0.0349067,0.0633073
-0.103188,-0.470166,-0.00583896,0.0914233
-0.0754734,-0.440665,0.0232872,0.118623
-0.0470042,-0.406774,0.0521804,0.144633
-0.0180653,-0.368831,0.0805515,0.169191
0.0110541,-0.327212,0.108117,0.192053
0.040063,-0.282335,0.1346,0.21299
0.0686716,-0.234644,0.159737,0.231793
0.096594,-0.184616,0.183276,0.248274
0.123551,-0.132748,0.204981,0.262267
0.149274,-0.079558,0.224635,0.273631
0.173504,-0.0255754,0.242041,0.282254
0.196001,0.028662,0.257026,0.288049
0.21654,0.0826139,0.269439,0.290957
0.234914,0.135743,0.279157,0.29095
0.250941,0.187519,0.286082,0.288027
0.264461,0.237428,0.290144,0.282219
0.275337,0.28497,0.291304,0.273582
0.283463,0.329675,0.289548,0.262204
0.288755,0.371094,0.284896,0.248199
0.291163,0.408817,0.277394,0.231706
0.29066,0.442467,0.267116,0.212892
0.287253,0.471708,0.254166,0.191945
0.280976,0.496251,0.238673,0.169074
0.271891,0.515849,0.220791,0.144509
0.260089,0.530309,0.200701,0.118496
0.245687,0.539485,0.178603,0.0912953
0.228831,0.543287,0.154718,0.0631802
0.209688,0.541676,0.129285,0.0344319
0.18845,0.534668,0.102558,0.0053386
0.165328,0.522335,0.0748052,-0.0238082
0.140554,0.504797,0.046304,-0.0527164
0.114376,0.48223,0.0173395,-0.0810964
0.0870551,0.45486,-0.0117985,-0.108664
0.0588641,0.422957,-0.0408184,-0.135142
0.0300848,0.386841,-0.0694299,-0.160267
0.00100485,0.346872,-0.0973468,-0.183785
-0.0280851,0.303446,-0.12429,-0.205462
-0.0568944,0.256997,-0.149989,-0.22508
-0.0851352,0.207989,-0.174188,-0.242443
-0.112525,0.156908,-0.196644,-0.257376
-0.138791,0.104263,-0.217132,-0.26973
-0.163669,0.0505805,-0.235448,-0.279382
-0.186913,-0.00360635,-0.251409,-0.286234
-0.208288,-0.0577655,-0.264854,-0.290218
-0.227582,-0.111349,-0.275649,-0.291294
-0.244602,-0.163823,-0.283686,-0.28945
-0.259177,-0.214664,-0.288885,-0.284707
-0.271163,-0.263366,-0.291194,-0.277111
-0.280438,-0.309443,-0.290589,-0.266738
-0.286912,-0.352437,-0.287077,-0.253692
-0.290518,-0.391919,-0.280693,-0.238104
-0.291221,-0.427494,-0.2715,-0.22013
-0.289015,-0.45881,-0.259591,-0.199951
-0.28392,-0.485553,-0.245085,-0.177767
-0.275987,-0.507458,-0.228126,-0.153803
-0.265297,-0.524306,-0.208885,-0.128297
-0.251956,-0.535928,-0.187555,-0.101506
-0.236097,-0.54221,-0.164347,-0.073698
-0.217879,-0.543088,-0.139496,-0.0451512
-0.197484,-0.538555,-0.113249,-0.016152
-0.175115,-0.528654,-0.0858683,0.013009
-0.150996,-0.513485,-0.0576289,0.0420397
-0.125368,-0.493199,-0.028813,0.0706492
-0.0984877,-0.467998,0.000291284,0.0985507
-0.0706231,-0.438133,0.0293926,0.125465
-0.0420527,-0.403902,0.0581999,0.151122
-0.0130621,-0.365645,0.0864249,0.175264
0.0160591,-0.323745,0.113785,0.19765
0.0450197,-0.278619,0.140007,0.218056
0.0735305,-0.230716,0.164828,0.236277
0.101306,-0.180514,0.188,0.25213
0.12807,-0.128513,0.209291,0.265457
0.153554,-0.0752315,0.228488,0.276124
0.177503,-0.0212001,0.245399,0.284024
0.199679,0.0330426,0.259855,0.289078
0.219859,0.0869559,0.271711,0.291235
0.237843,0.140003,0.280848,0.290474
0.253449,0.191654,0.287176,0.286803
0.266523,0.241396,0.29063,0.280257
0.276933,0.288732,0.291176,0.270905
0.284577,0.333191,0.28881,0.258839
0.289376,0.374329,0.283553,0.244181
0.291284,0.411737,0.27546,0.227076
0.29028,0.445042,0.264611,0.207696
0.286377,0.473912,0.251114,0.186236
0.279611,0.498059,0.235105,0.162911
0.270051,0.517242,0.216743,0.137953
0.257793,0.531271,0.196214,0.111614
0.242959,0.540006,0.17372,0.0841567
0.225697,0.543359,0.149489,0.0558562
0.206179,0.541297,0.123763,0.0269963
0.184601,0.533841,0.0967975,-0.00213416
0.161178,0.521066,0.068864,-0.0312432
0.136145,0.503097,0.0402415,-0.0600393
0.109751,0.480115,0.0112163,-0.0882339
0.082261,0.452348,-0.017921,-0.115545
0.0539485,0.420073,-0.046879,-0.141698
0.0250969,0.383612,-0.0753681,-0.166432
-0.00400547,0.343329,-0.103103,-0.189499
-0.0330678,0.299624,-0.129806,-0.210667
-0.0617997,0.252932,-0.155211,-0.229725
-0.0899141,0.203721,-0.179063,-0.246482
-0.11713,0.152479,-0.201123,-0.26077
-0.143175,0.0997175,-0.221171,-0.272446
-0.16779,0.0459624,-0.239006,-0.281392
-0.190728,-0.00825074,-0.25445,-0.28752
-0.21176,-0.0623817,-0.267348,-0.290767
-0.230676,-0.115891,-0.277571,-0.291102
-0.247287,-0.168245,-0.285018,-0.288521
-0.261426,-0.218923,-0.289612,-0.283049
-0.272954,-0.267419,-0.291309,-0.274743
-0.281753,-0.31325,-0.290091,-0.263684
-0.287738,-0.35596,-0.285971,-0.249983
-0.290846,-0.395122,-0.27899,-0.233779
-0.291049,-0.430346,-0.269217,-0.215232
-0.288343,-0.461282,-0.256751,-0.19453
-0.282756,-0.487621,-0.241716,-0.171879
-0.274343,-0.509101,-0.224263,-0.147506
-0.263188,-0.525507,-0.204566,-0.121656
-0.249404,-0.536676,-0.182822,-0.0945866
-0.233127,-0.542498,-0.159249,-0.0665701
-0.214521,-0.542911,-0.134083,-0.0378866
-0.193771,-0.537913,-0.107576,-0.00882367
-0.171085,-0.527552,-0.0799915,0.0203277
-0.146689,-0.511932,-0.0516071,0.0492754
-0.120827,-0.49121,-0.0227065,0.0777295
-0.0937579,-0.46559,0.0064214,0.105405
-0.0657519,-0.43533,0.035485,0.132025
-0.0370887,-0.400729,0.0641936,0.157322
-0.00805498,-0.362134,0.0922599,0.181043
0.0210593,-0.31993,0.119403,0.20295
0.0499631,-0.274536,0.145352,0.222825
0.0783676,-0.226405,0.169846,0.240467
0.105989,-0.176017,0.192641,0.255701
0.132551,-0.123875,0.213509,0.268373
0.157789,-0.0704973,0.23224,0.278357
0.18145,-0.0164174,0.248648,0.285553
0.203298,0.0378263,0.262568,0.289888
0.223114,0.0916928,0.273861,0.291319
0.2407,0.144645,0.282415,0.289832
0.255882,0.196156,0.288142,0.285441
0.268506,0.245711,0.290987,0.278191
0.278447,0.292817,0.29092,0.268155
0.285606,0.337004,0.287943,0.255432
0.289911,0.377831,0.282085,0.240151
0.291318,0.414892,0.273404,0.222464
0.289815,0.447818,0.261988,0.202548
0.285415,0.476279,0.247951,0.180604
0.278164,0.499992,0.231433,0.15685
0.268132,0.518721,0.212599,0.131525
0.255422,0.532279,0.191639,0.104883
0.240158,0.540532,0.168761,0.0771897
0.222495,0.543395,0.144195,0.0487234
0.202609,0.540842,0.118186,0.019769
0.180698,0.532898,0.0909942,-0.00938338
0.156981,0.519641,0.0628923,-0.0384418
0.131696,0.501205,0.0341611,-0.0671151
0.105094,0.477772,0.00508822,-0.0951161
0.0774425,0.449576,-0.0240356,-0.122164
0.049017,0.416899,-0.052919,-0.147989
0.0201016,0.380066,-0.0812728,-0.172331
-0.00901461,0.339444,-0.108814,-0.194946
-0.0380408,0.295439,-0.135262,-0.215609
-0.0666868,0.248488,-0.160357,-0.234112
-0.0946664,0.19906,-0.183848,-0.25027
-0.1217,0.147648,-0.205501,-0.263921
-0.147518,0.0947644,-0.225098,-0.274927
-0.171861,0.0409359,-0.242443,-0.283179
-0.194487,-0.0133007,-0.257364,-0.288596
-0.215169,-0.0674047,-0.269711,-0.291122
-0.233702,-0.120837,-0.27936,-0.290734
-0.249899,-0.173064,-0.286214,-0.287433
-0.263598,-0.223567,-0.290206,-0.281255
-0.274664,-0.27184,-0.291296,-0.272259
-0.282985,-0.317404,-0.289471,-0.260538
-0.288478,-0.359804,-0.284752,-0.246207
-0.291089,-0.398617,-0.277184,-0.229411
-0.29079,-0.433456,-0.266844,-0.210317
-0.287586,-0.463975,-0.253835,-0.189117
-0.281508,-0.489868,-0.238287,-0.166023
-0.272617,-0.510879,-0.220356,-0.141267
-0.261001,-0.526796,-0.200221,-0.115096
-0.246778,-0.537462,-0.178083,-0.0877721
-0.230088,-0.54277,-0.154164,-0.0595695
-0.2111,-0.542668,-0.128703,-0.0307704
-0.190001,-0.537156,-0.101955,-0.00166309
-0.167004,-0.52629,-0.0741867,0.0274608
-0.142338,-0.510177,-0.0456766,0.0563098
-0.11625,-0.488978,-0.0167097,0.0845948
-0.0890004,-0.462905,0.0124243,0.112033
-0.0608612,-0.432218,0.0414341,0.138349
-0.0321138,-0.397222,0.0700295,0.163279
-0.00304549,-0.358266,0.0979244,0.186575
0.0260533,-0.315739,0.12484,0.208002
0.0548917,-0.270064,0.150507,0.227346
0.0831815,-0.221697,0.174668,0.244413
0.11064,-0.171121,0.197083,0.259033
0.136993,-0.118838,0.217526,0.271058
0.161977,-0.0653709,0.235793,0.28037
0.185343,-0.011252,0.251702,0.286873
0.206856,0.042979,0.265094,0.290504
0.226302,0.0967816,0.275834,0.291226
0.243487,0.149619,0.283815,0.289031
0.258239,0.200966,0.288958,0.283942
0.27041,0.250309,0.29121,0.276009
0.279879,0.297156,0.290549,0.265312
0.286551,0.341048,0.286983,0.251959
0.29036,0.38154,0.280546,0.236082
0.291267,0.418226,0.271303,0.217841
0.289264,0.450743,0.259347,0.197418
0.28437,0.478764,0.244796,0.175019
0.276634,0.502012,0.227797,0.150867
0.266134,0.520254,0.20852,0.125204
0.252974,0.533308,0.187157,0.0982872
0.237287,0.541044,0.163922,0.0703862
0.219228,0.543385,0.139047,0.0417803
0.198979,0.540308,0.112782,0.012756
0.176741,0.531843,0.0853886,-0.016396
0.152737,0.518074,0.0571412,-0.0453838
0.127207,0.49914,0.0283223,-0.0739172
0.100406,0.475228,-0.000779893,-0.10171
0.0726011,0.446578,-0.0298743,-0.128485
0.044071,0.413475,-0.0586699,-0.153973
0.0151004,0.376248,-0.0868786,-0.177919
-0.0140211,0.33527,-0.114218,-0.200083
-0.0430024,0.290949,-0.140416,-0.220244
-0.0715541,0.243726,-0.165209,-0.238199
-0.0993907,0.194073,-0.188349,-0.253768
-0.126234,0.142485,-0.209606,-0.266797
-0.151816,0.0894761,-0.228766,-0.277153
-0.175881,0.0355749,-0.245638,-0.284734
-0.198188,-0.018681,-0.260053,-0.289464
-0.218515,-0.0727506,-0.271867,-0.291295
-0.236658,-0.126095,-0.280962,-0.290209
-0.252437,-0.178182,-0.287247,-0.286216
-0.265693,-0.228492,-0.290659,-0.279358
-0.276293,-0.276523,-0.291163,-0.269702
-0.284133,-0.321798,-0.288755,-0.257345
-0.289133,-0.363863,-0.283459,-0.242411
-0.291245,-0.4023,-0.275328,-0.225049
-0.290446,-0.436726,-0.264443,-0.205434
-0.286744,-0.466796,-0.250913,-0.183761
-0.280177,-0.492213,-0.234874,-0.160248
-0.27081,-0.51272,-0.216485,-0.135131
-0.258737,-0.528116,-0.195931,-0.10866
-0.244079,-0.538245,-0.173417,-0.0811008
-0.226981,-0.543007,-0.149169,-0.0527296
-0.207616,-0.542354,-0.123429,-0.0238304
-0.186175,-0.536294,-0.0964539,0.00530738
-0.162874,-0.524885,-0.0685144,0.0343921
-0.137946,-0.508243,-0.0398896,0.0631323
-0.111639,-0.486532,-0.0108658,0.0912404
-0.0842166,-0.459971,0.0182667,0.118435
-0.0559526,-0.428822,0.0472165,0.144443
-0.0271294,-0.393398,0.075694,0.169005
0.00196489,-0.35405,0.103414,0.191874
0.0310395,-0.311173,0.1301,0.212822
0.059804,-0.265192,0.155485,0.231639
0.0879709,-0.216567,0.179315,0.248136
0.115259,-0.165782,0.201351,0.262148
0.141395,-0.113345,0.221373,0.273535
0.166118,-0.059777,0.239181,0.282182
0.189181,-0.00561305,0.254597,0.288004
0.210353,0.0486068,0.267466,0.290942
0.229424,0.102342,0.27766,0.290966
0.246202,0.155057,0.285077,0.288077
0.26052,0.206225,0.289643,0.282305
0.272234,0.255337,0.291311,0.273706
0.281228,0.301903,0.290066,0.262367
0.287412,0.345459,0.285919,0.248402
0.290723,0.38557,0.278913,0.231949
0.29113,0.421836,0.269117,0.213175
0.288627,0.453896,0.25663,0.192266
0.28324,0.481429,0.241575,0.169433
0.275022,0.504162,0.224104,0.144904
0.264057,0.521868,0.204392,0.118923
0.250452,0.53437,0.182636,0.0917525
0.234345,0.541543,0.159052,0.0636632
0.215896,0.543317,0.133878,0.0349365
0.19529,0.539672,0.107365,0.00586005
0.172732,0.530647,0.0797781,-0.023275
0.148448,0.516329,0.0513931,-0.0521771
0.122681,0.496864,0.0224941,-0.0805569
0.0956877,0.472443,-0.00662991,-0.10813
0.0677383,0.443312,-0.0356876,-0.134621
0.0391119,0.40976,-0.0643884,-0.159764
0.0100947,0.372123,-0.0924451,-0.183308
-0.0190234,0.330774,-0.119577,-0.205016
-0.0479514,0.286128,-0.145513,-0.224672
-0.0764002,0.238628,-0.169994,-0.242079
-0.104086,0.188748,-0.192774,-0.257062
-0.130731,0.136987,-0.213627,-0.269472
-0.15607,0.0838595,-0.232342,-0.279184
-0.179849,0.0298959,-0.248734,-0.286101
-0.201831,-0.0243659,-0.262637,-0.290154
-0.221796,-0.0783847,-0.273914,-0.291302
-0.239545,-0.131622,-0.282452,-0.289534
-0.2549,-0.183547,-0.288164,-0.284867
-0.267708,-0.233641,-0.290994,-0.277349
-0.277841,-0.281406,-0.290913,-0.267054
-0.285197,-0.326364,-0.287923,-0.254085
-0.289703,-0.368069,-0.282052,-0.238573
-0.291315,-0.406103,-0.273361,-0.220672
-0.290015,-0.440087,-0.261936,-0.200562
-0.285817,-0.469688,-0.24789,-0.178444
-0.278763,-0.494603,-0.231366,-0.15454
-0.268924,-0.514585,-0.212527,-0.129088
-0.256397,-0.529434,-0.191562,-0.102345
-0.241308,-0.539002,-0.168682,-0.0745764
-0.223807,-0.543194,-0.144114,-0.0460615
-0.20407,-0.541968,-0.118105,-0.0170854
-0.182294,-0.535336,-0.0909143,0.0120616
-0.158696,-0.523364,-0.0628145,0.041088
-0.133513,-0.506172,-0.0340864,0.0697029
-0.106995,-0.48393,-0.00501747,0.0976201
-0.0794079,-0.456862,0.0241017,0.12456
-0.0510274,-0.425237,0.0529798,0.150253
-0.0221369,-0.38937,0.081328,0.174442
0.00697469,-0.34962,0.108863,0.196884
0.0360166,-0.306382,0.135309,0.217355
0.0646987,-0.260088,0.160401,0.23565
0.0927342,-0.2112,0.183889,0.251587
0.119843,-0.160205,0.205538,0.265004
0.145754,-0.107612,0.225131,0.275769
0.170209,-0.0539456,0.242473,0.283772
0.192963,0.000258689,0.257389,0.288935
0.213788,0.0544604,0.269731,0.291205
0.232478,0.108119,0.279375,0.29056
0.248844,0.160699,0.286224,0.287006
0.262723,0.211676,0.290211,0.280579
0.273977,0.260542,0.291295,0.271343
0.282494,0.306809,0.289465,0.25939
0.288187,0.350016,0.284741,0.244841
0.291,0.389731,0.277168,0.22784
0.290906,0.425559,0.266823,0.208559
0.287905,0.457142,0.253809,0.18719
0.282026,0.484166,0.238257,0.163946
0.273329,0.50636,0.220321,0.139061
0.261901,0.523503,0.200182,0.112785
0.247856,0.535424,0.178041,0.0853786
0.231334,0.542005,0.154119,0.0571179
0.212501,0.54318,0.128655,0.0282854
0.191543,0.538936,0.101905,-0.000830281
0.168672,0.529317,0.0741355,-0.0299377
0.144115,0.514418,0.0456243,-0.0587453
0.118119,0.494388,0.0166568,-0.0869649
0.0909414,0.469427,-0.0124773,-0.114314
0.0628554,0.439784,-0.0414866,-0.140518
0.0341413,0.405753,-0.0700809,-0.165316
0.00508598,0.367676,-0.0979743,-0.188459
-0.0240201,0.325931,-0.124888,-0.209715
-0.0528862,0.280935,-0.150552,-0.228872
-0.0812238,0.233136,-0.174711,-0.245737
-0.10875,0.183013,-0.197122,-0.260142
-0.135189,0.131064,-0.217561,-0.271943
-0.160277,0.0778071,-0.235824,-0.281021
-0.183764,0.0237745,-0.251729,-0.287286
-0.205414,-0.0304952,-0.265116,-0.290675
-0.225012,-0.0844607,-0.275851,-0.291154
-0.242361,-0.137584,-0.283827,-0.288718
-0.257288,-0.189335,-0.288964,-0.283392
-0.269644,-0.239197,-0.291211,-0.275229
-0.279306,-0.286673,-0.290546,-0.26431
-0.286176,-0.33129,-0.286974,-0.250745
-0.290187,-0.372602,-0.280532,-0.23467
-0.291298,-0.410198,-0.271284,-0.216246
-0.289499,-0.443702,-0.259322,-0.195657
-0.284806,-0.472781,-0.244767,-0.173109
-0.277267,-0.497143,-0.227764,-0.148828
-0.266957,-0.516547,-0.208483,-0.123057
-0.25398,-0.530799,-0.187116,-0.096054
-0.238465,-0.539756,-0.163878,-0.0680895
-0.220567,-0.543329,-0.139001,-0.0394433
-0.200465,-0.541482,-0.112733,-0.0104023
-0.178359,-0.534235,-0.0853379,0.0187429
-0.154471,-0.521659,-0.0570892,0.0477004
-0.12904,-0.503879,-0.0282696,0.0761804
-0.102319,-0.481073,0.000832876,0.103898
-0.0745756,-0.453469,0.029927,0.130571
-0.0460871,-0.421342,0.0587218,0.155937
-0.0171379,-0.385012,0.0869292,0.179743
0.0119824,-0.344842,0.114267,0.20175
0.0409831,-0.301232,0.140462,0.221738
0.0695742,-0.254617,0.165252,0.239506
0.09747,-0.205463,0.18839,0.254878
0.124392,-0.154259,0.209643,0.267699
0.150071,-0.101516,0.228799,0.27784
0.17425,-0.0477611,0.245667,0.285201
0.196688,0.00647033,0.260077,0.289708
0.21716,0.0606373,0.271886,0.291315
0.235463,0.114199,0.280976,0.290007
0.251412,0.166622,0.287255,0.285796
0.264849,0.217383,0.290661,0.278725
0.27564,0.265976,0.291162,0.268864
0.283676,0.311916,0.288751,0.256313
0.288877,0.354744,0.283452,0.241196
0.291192,0.394034,0.27532,0.223666
0.290596,0.429394,0.264434,0.203896
0.287097,0.46047,0.250905,0.182087
0.280729,0.486954,0.234866,0.158455
0.271556,0.508581,0.216479,0.133237
0.259669,0.525134,0.195928,0.106686
0.245187,0.53645,0.173418,0.0790667
0.228255,0.542414,0.149173,0.0506564
0.209042,0.542969,0.123437,0.0217391
0.18774,0.538107,0.0964669,-0.00739575
0.164562,0.527878,0.068532,-0.0364566
0.13974,0.512383,0.039912,-0.0651526
0.113521,0.491778,0.0108928,-0.0931965
0.0861681,0.466268,-0.0182353,-0.120308
0.0579539,0.436106,-0.047181,-0.146215
0.0291605,0.401595,-0.075655,-0.170659
7.57878e-05,0.363078,-0.103373,-0.193395
-0.0290097,0.320939,-0.130056,-0.214195
-0.0578053,0.275599,-0.15544,-0.232851
-0.0860233,0.22751,-0.179269,-0.249178
-0.113382,0.177152,-0.201306,-0.26301
-0.139607,0.125027,-0.22133,-0.27421
-0.164437,0.0716543,-0.23914,-0.282666
-0.187624,0.0175589,-0.25456,-0.288293
-0.208936,-0.0367116,-0.267434,-0.291035
-0.228161,-0.0906159,-0.277635,-0.290864
-0.245105,-0.143616,-0.285059,-0.287781
-0.2596,-0.195183,-0.289633,-0.281819
-0.271501,-0.244803,-0.29131,-0.273037
-0.280689,-0.29198,-0.290075,-0.261521
-0.287071,-0.336244,-0.28594,-0.247389
-0.290586,-0.377153,-0.278945,-0.23078
-0.291196,-0.414299,-0.269162,-0.211862
-0.288896,-0.447311,-0.256687,-0.190823
-0.28371,-0.47586,-0.241645,-0.167875
-0.275689,-0.499661,-0.224187,-0.143246
-0.264912,-0.518477,-0.204488,-0.117184
-0.251489,-0.532119,-0.182743,-0.0899494
-0.235552,-0.540452,-0.159172,-0.0618143
-0.217261,-0.543393,-0.134009,-0.0330606
-0.1968,-0.540912,-0.107506,-0.00397593
-0.174371,-0.533033,-0.0799281,0.0251485
-0.150201,-0.519837,-0.051551,0.0540212
-0.124529,-0.501454,-0.0226584,0.0823533
-0.0976129,-0.478067,0.00646068,0.109861
-0.0697213,-0.44991,0.0355152,0.13627
-0.0411331,-0.417264,0.0642146,0.161314
-0.0121339,-0.380455,0.0922719,0.184744
0.0169866,-0.33985,0.119407,0.206325
0.0459374,-0.295854,0.145347,0.225842
0.0744291,-0.248906,0.169835,0.243098
0.102177,-0.199475,0.192624,0.257921
0.128904,-0.148053,0.213487,0.270162
0.154343,-0.0951542,0.232216,0.2797
0.178239,-0.0413058,0.248622,0.286439
0.200355,0.0129547,0.262543,0.290311
0.220468,0.0670859,0.273839,0.291277
0.238378,0.120548,0.282396,0.289329
0.253906,0.172807,0.28813,0.284484
0.266897,0.223342,0.290982,0.276793
0.27722,0.271648,0.290926,0.266331
0.284774,0.317244,0.28796,0.253204
0.289482,0.359675,0.282115,0.237543
0.291297,0.398517,0.273449,0.219504
0.290201,0.433383,0.262049,0.199269
0.286205,0.463924,0.248028,0.177039
0.279349,0.489837,0.231528,0.153037
0.269702,0.510862,0.212712,0.127504
0.257359,0.52679,0.19177,0.100695
0.242445,0.537462,0.16891,0.072878
0.225108,0.542772,0.144361,0.0443316
0.205522,0.542665,0.118369,0.0153416
0.183881,0.537144,0.0911933,-0.0138021
0.160404,0.526264,0.0631056,-0.0428075
0.135323,0.510133,0.034387,-0.0713846
0.10889,0.488912,0.00532449,-0.0992472
0.0813693,0.462813,-0.0237912,-0.126117
0.0530352,0.432096,-0.0526691,-0.151724
0.0241712,0.397067,-0.0810203,-0.175812
-0.00493443,0.358077,-0.108561,-0.198142
-0.0339907,0.315514,-0.135017,-0.218488
-0.0627074,0.269803,-0.160122,-0.236647
-0.0907974,0.2214,-0.183627,-0.252438
-0.11798,0.170788,-0.205295,-0.265703
-0.143984,0.118472,-0.224911,-0.276308
-0.168549,0.0649736,-0.242278,-0.284148
-0.191429,0.0108271,-0.257222,-0.289145
-0.212397,-0.0434274,-0.269594,-0.291247
-0.231242,-0.0972487,-0.279271,-0.290435
-0.247777,-0.1501,-0.286155,-0.286716
-0.261835,-0.201453,-0.290178,-0.280127
-0.273277,-0.250796,-0.291299,-0.270735
-0.281988,-0.297637,-0.289508,-0.258634
-0.287881,-0.341508,-0.284822,-0.243944
-0.290898,-0.381972,-0.277288,-0.226812
-0.291007,-0.418624,-0.266982,-0.207411
-0.288209,-0.4511,-0.254006,-0.185933
-0.282531,-0.479075,-0.23849,-0.162595
-0.274029,-0.502269,-0.220589,-0.13763
-0.262789,-0.520453,-0.200483,-0.111287
-0.248923,-0.533443,-0.178372,-0.0838307
-0.232569,-0.541111,-0.154478,-0.0555351
-0.213891,-0.54338,-0.129039,-0.0266838
-0.193076,-0.540227,-0.102309,0.0024346
-0.170332,-0.531684,-0.074557,0.0315286
-0.145885,-0.517836,-0.0460593,0.0603071
-0.119981,-0.498821,-0.017101,0.0884821
-0.0928778,-0.474829,0.0120283,0.115771
-0.0648464,-0.446099,0.0410374,0.141902
-0.036167,-0.412919,0.069636,0.166613
-0.00712622,-0.375618,0.0975384,0.189656
0.0219858,-0.33457,0.124466,0.210801
0.0508781,-0.290183,0.150148,0.229836
0.079262,-0.242901,0.174329,0.246571
0.106854,-0.193196,0.196768,0.260838
0.133378,-0.141563,0.217238,0.272495
0.158569,-0.088517,0.235537,0.281425
0.182176,-0.0345882,0.25148,0.287538
0.203962,0.0196857,0.264909,0.290773
0.22371,0.0737632,0.275689,0.291099
0.241223,0.127105,0.283712,0.288511
0.256325,0.179178,0.288899,0.283037
0.268865,0.229464,0.291197,0.274731
0.278719,0.27746,0.290583,0.263677
0.285788,0.322687,0.287064,0.249984
0.290001,0.364695,0.280674,0.23379
0.291315,0.403064,0.271478,0.215258
0.289719,0.437412,0.259567,0.194571
0.285228,0.467395,0.245061,0.171938
0.277886,0.492715,0.228105,0.147584
0.267768,0.513118,0.208868,0.121754
0.254973,0.528402,0.187542,0.0947061
0.239631,0.538414,0.164341,0.0667103
0.221894,0.543053,0.139497,0.0380471
0.20194,0.542274,0.113258,0.00900321
0.179968,0.536085,0.0858864,-0.0201307
0.156198,0.524546,0.0576562,-0.0490633
0.130866,0.507774,0.0288494,-0.0775049
0.104227,0.485935,-0.000245756,-0.105171
0.0765465,0.459248,-0.0293385,-0.131785
0.0481009,0.427979,-0.0581379,-0.157081
0.0191747,0.39244,-0.0863559,-0.180804
-0.00994319,0.352984,-0.11371,-0.202719
-0.0389617,0.310007,-0.139928,-0.222606
-0.0675908,0.263937,-0.164747,-0.240265
-0.0955446,0.215233,-0.187918,-0.255521
-0.122544,0.164382,-0.20921,-0.26822
-0.148318,0.111891,-0.22841,-0.278236
-0.17261,0.058283,-0.245327,-0.285467
-0.195178,0.00409364,-0.25979,-0.289843
-0.215795,-0.0501365,-0.271656,-0.291319
-0.234255,-0.103866,-0.280805,-0.28988
-0.250375,-0.15656,-0.287147,-0.285541
-0.263993,-0.207692,-0.290617,-0.278345
-0.274972,-0.256751,-0.291182,-0.268364
-0.283204,-0.303248,-0.288835,-0.255698
-0.288606,-0.34672,-0.2836,-0.240473
-0.291124,-0.386732,-0.27553,-0.222843
-0.290733,-0.422886,-0.264704,-0.202984
-0.287436,-0.45482,-0.251232,-0.181093
-0.281267,-0.48222,-0.235247,-0.157391
-0.272288,-0.504807,-0.21691,-0.132113
-0.260587,-0.522356,-0.196405,-0.105514
-0.246283,-0.534691,-0.173935,-0.0778599
-0.229517,-0.54169,-0.149727,-0.0494262
-0.210458,-0.543282,-0.124021,-0.0204981
-0.189296,-0.539452,-0.0970752,0.00863513
-0.166242,-0.530238,-0.0691587,0.037682
-0.141527,-0.515731,-0.0405507,0.0663518
-0.115398,-0.496077,-0.0115372,0.0943577
-0.0881153,-0.471473,0.0175916,0.12142
-0.0599523,-0.442162,0.0465445,0.147267
-0.0311902,-0.408438,0.075032,0.17164
-0.00211646,-0.370638,0.102769,0.194297
0.0269785,-0.329139,0.129479,0.215009
0.0558038,-0.284354,0.154894,0.233571
0.0840715,-0.236732,0.17876,0.249795
0.111499,-0.186747,0.200839,0.26352
0.137812,-0.134898,0.22091,0.274609
0.162749,-0.0817022,0.238772,0.28295
0.186059,-0.0276913,0.254246,0.28846
0.207509,0.026596,0.267178,0.291084
0.226886,0.0806178,0.277439,0.290796
0.243996,0.133835,0.284925,0.287598
0.258668,0.185716,0.289563,0.281523
0.270754,0.235744,0.291305,0.272631
0.280135,0.283419,0.290134,0.261012
0.286717,0.328266,0.286063,0.246781
0.290434,0.369835,0.279131,0.230081
0.291248,0.407714,0.269408,0.211079
0.289152,0.441524,0.256991,0.189966
0.284166,0.470926,0.242005,0.166951
0.276341,0.495629,0.224598,0.142266
0.265755,0.515385,0.204946,0.116158
0.252512,0.529997,0.183245,0.0888879
0.236747,0.539319,0.159712,0.0607282
0.218615,0.543258,0.134581,0.031961
0.198299,0.541775,0.108105,0.00287396
0.176002,0.534885,0.080548,-0.0262418
0.151945,0.522657,0.0521856,-0.055095
0.126371,0.505212,0.0233013,-0.083397
0.0995332,0.482724,-0.00581592,-0.110865
0.071701,0.455419,-0.034875,-0.137223
0.0431524,0.423568,-0.0635854,-0.162208
0.0141725,0.38749,-0.09166,-0.185571
-0.014949,0.347544,-0.118818,-0.207077
-0.0439211,0.30413,-0.144788,-0.226511
-0.0724543,0.25768,-0.16931,-0.243679
-0.100264,0.208659,-0.19214,-0.258409
-0.127071,0.157554,-0.213048,-0.270553
-0.152608,0.104878,-0.231826,-0.27999
-0.176621,0.0511541,-0.248286,-0.286627
-0.198868,-0.00307992,-0.262263,-0.290395
-0.219128,-0.0572832,-0.273618,-0.291258
-0.237199,-0.110915,-0.282237,-0.289207
-0.252899,-0.163439,-0.288034,-0.284262
-0.266072,-0.214333,-0.290951,-0.276474
-0.276586,-0.263087,-0.290958,-0.265919
-0.284337,-0.309215,-0.288057,-0.252704
-0.289246,-0.352257,-0.282275,-0.23696
-0.291264,-0.391784,-0.27367,-0.218846
-0.290372,-0.4274,-0.26233,-0.198542
-0.286578,-0.45875,-0.248366,-0.176251
-0.279921,-0.485522,-0.231919,-0.152197
-0.270466,-0.507448,-0.213152,-0.126621
-0.258309,-0.524309,-0.192255,-0.0997772
-0.24357,-0.535937,-0.169435,-0.0719354
-0.226398,-0.542216,-0.144921,-0.043374
-0.206963,-0.543084,-0.118958,-0.0143786
-0.18546,-0.538531,-0.0918056,0.0147607
-0.162103,-0.528603,-0.0637351,0.0437523
-0.137127,-0.513399,-0.0350273,0.0723061
-0.11078,-0.493072,-0.00596928,0.100137
-0.0833268,-0.467823,0.0231484,0.126965
-0.0550405,-0.437905,0.0520347,0.152523
-0.0262042,-0.403616,0.0804006,0.176556
0.00289393,-0.365299,0.107963,0.198821
0.0319632,-0.323336,0.134445,0.219098
0.060713,-0.278146,0.159583,0.237182
0.0888561,-0.230179,0.183126,0.252894
0.116111,-0.179916,0.204837,0.266075
0.142206,-0.127856,0.224501,0.276594
0.16688,-0.0745211,0.241919,0.284346
0.189886,-0.0204419,0.256919,0.289253
0.210995,0.0338412,0.269349,0.291266
0.229995,0.0877867,0.279087,0.290364
0.246697,0.140856,0.286034,0.286558
0.260934,0.192519,0.29012,0.279885
0.272563,0.242261,0.291306,0.270411
0.281469,0.289585,0.289579,0.258232
0.287562,0.334019,0.284957,0.243469
0.290781,0.375119,0.277485,0.22627
0.291095,0.412475,0.267239,0.206808
0.288499,0.445714,0.254321,0.185276
0.283021,0.474505,0.238859,0.161891
0.274715,0.49856,0.22101,0.136885
0.263663,0.517639,0.20095,0.110511
0.249977,0.531551,0.178881,0.0830303
0.233792,0.540158,0.155024,0.0547193
0.215272,0.543374,0.129616,0.0258607
0.1946,0.541167,0.102913,-0.00325656
0.171983,0.533558,0.0751803,-0.0323413
0.147648,0.520625,0.0466959,-0.0611024
0.121838,0.502495,0.0177447,-0.0892522
0.0948097,0.479349,-0.0113839,-0.116509
0.0668343,0.45142,-0.0403988,-0.1426
0.038191,0.418985,-0.0690097,-0.167265
0.00916611,0.382368,-0.0969305,-0.190255
-0.0199504,0.341935,-0.123882,-0.211343
-0.0488676,0.29809,-0.149595,-0.230316
-0.0772964,0.251269,-0.173812,-0.246984
-0.104953,0.20194,-0.196291,-0.261182
-0.13156,0.150596,-0.216808,-0.272766
-0.156853,0.0977484,-0.235157,-0.281621
-0.180579,0.0439255,-0.251154,-0.287659
-0.2025,-0.0103358,-0.26464,-0.290819
-0.222397,-0.064494,-0.27548,-0.291068
-0.240073,-0.118008,-0.283565,-0.288406
-0.255349,-0.170345,-0.288815,-0.282858
-0.268073,-0.220982,-0.291177,-0.274481
-0.278119,-0.269413,-0.290628,-0.263357
-0.285385,-0.315155,-0.287173,-0.249598
-0.2898,-0.357751,-0.280846,-0.233342
-0.291318,-0.396777,-0.271711,-0.214751
-0.289926,-0.431843,-0.259859,-0.194012
-0.285636,-0.462599,-0.245409,-0.171331
-0.278492,-0.488737,-0.228505,-0.146936
-0.268565,-0.509998,-0.209317,-0.121072
-0.255954,-0.526168,-0.188035,-0.0939957
-0.240786,-0.537088,-0.164873,-0.0659791
-0.223211,-0.542646,-0.140063,-0.0373025
-0.203406,-0.542789,-0.113852,-0.00825267
-0.181568,-0.537514,-0.0865024,0.0208753
-0.157916,-0.526874,-0.0582882,0.0497945
-0.132686,-0.510976,-0.0294911,0.0782156
-0.10613,-0.489978,-0.000399153,0.105854
-0.0785136,-0.464089,0.0286968,0.132435
-0.0501124,-0.433569,0.0575058,0.15769
-0.0212104,-0.398721,0.0857398,0.181368
0.00790346,-0.359894,0.113116,0.203232
0.0369384,-0.317475,0.139362,0.223064
0.0656042,-0.271887,0.164214,0.240664
0.0936144,-0.223586,0.187424,0.255857
0.120689,-0.173053,0.208761,0.268492
0.146558,-0.120792,0.228009,0.27844
0.170962,-0.0673267,0.244978,0.285604
0.193658,-0.0131889,0.259498,0.289911
0.214418,0.0410805,0.271422,0.291318
0.233036,0.0949398,0.280633,0.289812
0.249326,0.147852,0.287037,0.285407
0.263123,0.199288,0.290572,0.278147
0.274292,0.248735,0.291201,0.268105
0.282719,0.295699,0.288919,0.255382
0.288321,0.339713,0.283747,0.240104
0.291042,0.380335,0.275738,0.222425
0.290855,0.417162,0.264973,0.202521
0.287761,0.449825,0.251557,0.180591
0.281792,0.477999,0.235627,0.156856
0.273007,0.501402,0.21734,0.131551
0.261493,0.5198,0.196881,0.10493
0.247367,0.53301,0.174452,0.0772603
0.230768,0.540901,0.15028,0.0488176
0.211864,0.543393,0.124604,0.0198865
0.190842,0.540462,0.097683,-0.00924347
0.167914,0.532136,0.069785,-0.038281
0.143307,0.5185,0.0411892,-0.0669356
0.117269,0.499688,0.0121816,-0.0949207
0.0900583,0.475889,-0.0169478,-0.121956
0.0619479,0.44734,-0.0459078,-0.147772
0.0332184,0.414327,-0.0744087,-0.17211
0.00415703,0.377178,-0.102166,-0.194727
-0.0249459,0.336265,-0.128901,-0.215396
-0.0537995,0.291989,-0.154347,-0.23391
-0.0821156,0.244797,-0.178251,-0.250085
-0.109611,0.195162,-0.200372,-0.263758
-0.136011,0.143578,-0.220489,-0.274794
-0.161052,0.0905608,-0.238401,-0.28308
-0.184484,0.0366393,-0.25393,-0.288536
-0.206072,-0.0176479,-0.266918,-0.291105
-0.225601,-0.071759,-0.277238,-0.290763
-0.242875,-0.125154,-0.284787,-0.287513
-0.257723,-0.177299,-0.289489,-0.281387
-0.269995,-0.227674,-0.291297,-0.272446
-0.279569,-0.275776,-0.290194,-0.260781
-0.286349,-0.321125,-0.28619,-0.246507
-0.290268,-0.363267,-0.279325,-0.229768
-0.291286,-0.401783,-0.269668,-0.21073
-0.289393,-0.436288,-0.257315,-0.189585
-0.284609,-0.466437,-0.24239,-0.166543
-0.27698,-0.491929,-0.225042,-0.141836
-0.266584,-0.51251,-0.205445,-0.11571
-0.253524,-0.527974,-0.183794,-0.0884267
-0.23793,-0.538166,-0.160306,-0.060259
-0.219959,-0.542986,-0.135216,-0.0314885
-0.199789,-0.542385,-0.108774,-0.00240315
-0.177624,-0.536369,-0.0812444,0.0267063
-0.153683,-0.524998,-0.052903,0.0555486
-0.128206,-0.508385,-0.0240327,0.0838353
-0.101449,-0.486697,0.00507779,0.111283
-0.0736772,-0.46015,0.0341375,0.137619
-0.0451695,-0.429009,0.062856,0.162577
-0.0162104,-0.393584,0.0909462,0.18591
0.0129107,-0.35423,0.118127,0.207383
0.0419027,-0.31134,0.144128,0.226782
0.070476,-0.265341,0.168687,0.243912
0.098345,-0.216694,0.191561,0.258603
0.125231,-0.165882,0.212519,0.270708
0.150866,-0.113415,0.231354,0.280104
0.174994,-0.0598153,0.247875,0.286699
0.197372,-0.00561851,0.261919,0.290427
0.217778,0.0486344,0.273345,0.29125
0.236008,0.102402,0.282039,0.289159
0.25188,0.155147,0.287913,0.284177
0.265235,0.206343,0.290909,0.276352
0.275939,0.255479,0.290997,0.265763
0.283886,0.302064,0.288177,0.252516
0.288996,0.345634,0.282476,0.236743
0.291218,0.385753,0.273951,0.218602
0.290529,0.42202,0.262688,0.198275
0.286938,0.454075,0.248799,0.175965
0.280479,0.481596,0.232424,0.151894
0.271218,0.504309,0.213725,0.126305
0.259246,0.521986,0.192889,0.0994517
0.244684,0.534453,0.170125,0.0716041
0.227676,0.541584,0.145661,0.0430402
0.208394,0.543307,0.119741,0.0140459
0.187029,0.539607,0.0926239,-0.0150889
0.163795,0.530519,0.0645809,-0.0440727
0.138924,0.516134,0.0358924,-0.0726158
0.112665,0.496597,0.00684513,-0.100433
0.0852802,0.472102,-0.0222706,-0.127245
0.0570431,0.442893,-0.0511637,-0.152784
0.028236,0.409263,-0.0795454,-0.176796
-0.00085328,0.371546,-0.107132,-0.199039
-0.029934,0.33012,-0.133648,-0.219291
-0.0587156,0.285399,-0.158827,-0.23735
-0.0869105,0.237828,-0.182419,-0.253035
-0.114237,0.187882,-0.204188,-0.266189
-0.140422,0.136061,-0.223916,-0.27668
-0.165203,0.0828817,-0.241405,-0.284405
-0.188334,0.0288747,-0.256481,-0.289284
-0.209583,-0.0254207,-0.268994,-0.291271
-0.228737,-0.0794622,-0.278818,-0.290343
-0.245606,-0.13271,-0.285854,-0.286512
-0.26002,-0.184634,-0.290033,-0.279816
-0.271836,-0.234714,-0.291313,-0.27032
-0.280936,-0.28245,-0.289682,-0.258121
-0.287228,-0.327367,-0.285154,-0.24334
-0.29065,-0.369015,-0.277776,-0.226125
-0.291167,-0.406979,-0.267622,-0.206648
-0.288775,-0.44088,-0.254792,-0.185105
-0.283498,-0.47038,-0.239416,-0.16171
-0.275387,-0.495183,-0.221646,-0.136697
-0.264524,-0.515042,-0.201661,-0.110318
-0.251018,-0.52976,-0.17966,-0.0828347
-0.235004,-0.539188,-0.155863,-0.0545231
-0.216641,-0.543233,-0.130508,-0.0256663
-0.196114,-0.541855,-0.103848,0.00344733
-0.173626,-0.535067,-0.0761507,0.0325264
-0.149404,-0.522937,-0.047692,0.0612802
-0.123688,-0.505586,-0.0187566,0.0894211
-0.096737,-0.483188,0.0103664,0.116668
-0.0688189,-0.455965,0.0393857,0.142747
-0.0402132,-0.42419,0.0680113,0.167399
-0.0112056,-0.388181,0.0959571,0.190376
0.017914,-0.348295,0.122944,0.21145
0.0468546,-0.304933,0.148701,0.230408
0.075327,-0.258526,0.172973,0.247062
0.103047,-0.209538,0.195515,0.261245
0.129736,-0.158458,0.216103,0.272814
0.15513,-0.105796,0.23453,0.281655
0.178973,-0.0520779,0.250614,0.287679
0.201028,0.00216029,0.264192,0.290826
0.221074,0.0563769,0.275129,0.291064
0.238911,0.110031,0.283317,0.28839
0.25436,0.162586,0.288672,0.282832
0.267268,0.213518,0.291142,0.274445
0.277504,0.262318,0.290701,0.263313
0.284968,0.308499,0.287355,0.249548
0.289584,0.351601,0.281136,0.233286
0.291307,0.391192,0.272107,0.214691
0.290118,0.426877,0.260358,0.193949
0.28603,0.458301,0.246006,0.171267
0.279084,0.485149,0.229196,0.146872
0.269349,0.507154,0.210094,0.121007
0.256922,0.524095,0.188893,0.0939329
0.241929,0.535804,0.165803,0.0659189
0.224517,0.542163,0.141056,0.0372456
0.204862,0.54311,0.114899,0.00819971
0.18316,0.538634,0.087593,-0.0209282
0.159627,0.528781,0.0594117,-0.0498467
0.1345,0.513649,0.0306366,-0.0782667
0.108028,0.493388,0.00155525,-0.105904
0.0804768,0.468202,-0.0275417,-0.132482
0.0521214,0.438341,-0.0563633,-0.157735
0.0232452,0.404104,-0.0846214,-0.18141
-0.00586334,0.365832,-0.112034,-0.20327
-0.0349133,0.323908,-0.138326,-0.223098
-0.0636143,0.27875,-0.163236,-0.240694
-0.0916797,0.230809,-0.186514,-0.255883
-0.118829,0.180564,-0.207928,-0.268512
-0.144791,0.128516,-0.227263,-0.278456
-0.169306,0.0751856,-0.244326,-0.285614
-0.192129,0.021104,-0.258948,-0.289916
-0.213032,-0.0331882,-0.270981,-0.291318
-0.231806,-0.0871491,-0.280305,-0.289807
-0.248264,-0.14024,-0.286827,-0.285396
-0.262241,-0.191931,-0.290482,-0.278131
-0.273597,-0.241705,-0.291233,-0.268085
-0.28222,-0.289066,-0.289074,-0.255356
-0.288022,-0.333542,-0.284025,-0.240074
-0.290946,-0.374687,-0.276136,-0.222391
-0.290963,-0.412092,-0.265488,-0.202483
-0.288072,-0.445382,-0.252185,-0.18055
-0.282303,-0.474226,-0.236362,-0.156811
